DATAFLOW,REF_AREA:Geographic area,INDICATOR:Indicator,SEX:Sex,TIME_PERIOD:Time period,OBS_VALUE:Observation Value,UNIT_MULTIPLIER:Unit multiplier,UNIT_MEASURE:Unit of measure,OBS_STATUS:Observation Status,OBS_CONF:Observation confidentaility,LOWER_BOUND:Lower Bound,UPPER_BOUND:Upper Bound,WGTD_SAMPL_SIZE:Weighted Sample Size,OBS_FOOTNOTE:Observation footnote,SERIES_FOOTNOTE:Series footnote,DATA_SOURCE:Data Source,SOURCE_LINK:Citation of or link to the data source,CUSTODIAN:Custodian,TIME_PERIOD_METHOD:Time period activity related to when the data are collected,REF_PERIOD:Reference Period,COVERAGE_TIME:The period of time for which data are provided,AGE:Current age
UNICEF:GLOBAL_DATAFLOW(1.0): Cross-sector indicators,AFG: Afghanistan,ED_CR_L1: Completion rate for children of primary school age,F: Female,2015,40.200001,,PCNT: %,,,,,,,,DHS 2015,,,,,,_T: Total
UNICEF:GLOBAL_DATAFLOW(1.0): Cross-sector indicators,AFG: Afghanistan,ED_CR_L1: Completion rate for children of primary school age,M: Male,2015,67.199997,,PCNT: %,,,,,,,,DHS 2015,,,,,,_T: Total
UNICEF:GLOBAL_DATAFLOW(1.0): Cross-sector indicators,AFG: Afghanistan,ED_CR_L1: Completion rate for children of primary school age,_T: Total,2015,53.900002,,PCNT: %,,,,,,,,DHS 2015,,,,,,_T: Total
UNICEF:GLOBAL_DATAFLOW(1.0): Cross-sector indicators,ALB: Albania,ED_CR_L1: Completion rate for children of primary school age,F: Female,2018,95.698372,,PCNT: %,,,,,,,,DHS 2017-18,,,,,,_T: Total
UNICEF:GLOBAL_DATAFLOW(1.0): Cross-sector indicators,ALB: Albania,ED_CR_L1: Completion rate for children of primary school age,M: Male,2018,94.15596,,PCNT: %,,,,,,,,DHS 2017-18,,,,,,_T: Total
UNICEF:GLOBAL_DATAFLOW(1.0): Cross-sector indicators,ALB: Albania,ED_CR_L1: Completion rate for children of primary school age,_T: Total,2018,94.92128,,PCNT: %,,,,,,,,DHS 2017-18,,,,,,_T: Total
UNICEF:GLOBAL_DATAFLOW(1.0): Cross-sector indicators,DZA: Algeria,ED_CR_L1: Completion rate for children of primary school age,F: Female,2020,96.471619,,PCNT: %,,,,,,,,MICS 2019,,,,,,_T: Total
UNICEF:GLOBAL_DATAFLOW(1.0): Cross-sector indicators,DZA: Algeria,ED_CR_L1: Completion rate for children of primary school age,M: Male,2020,93.074371,,PCNT: %,,,,,,,,MICS 2019,,,,,,_T: Total
UNICEF:GLOBAL_DATAFLOW(1.0): Cross-sector indicators,DZA: Algeria,ED_CR_L1: Completion rate for children of primary school age,_T: Total,2020,94.708633,,PCNT: %,,,,,,,,MICS 2019,,,,,,_T: Total
UNICEF:GLOBAL_DATAFLOW(1.0): Cross-sector indicators,AGO: Angola,ED_CR_L1: Completion rate for children of primary school age,F: Female,2016,56.63134,,PCNT: %,,,,,,,,DHS 2015-16,,,,,,_T: Total
UNICEF:GLOBAL_DATAFLOW(1.0): Cross-sector indicators,AGO: Angola,ED_CR_L1: Completion rate for children of primary school age,M: Male,2016,63.2789,,PCNT: %,,,,,,,,DHS 2015-16,,,,,,_T: Total
UNICEF:GLOBAL_DATAFLOW(1.0): Cross-sector indicators,AGO: Angola,ED_CR_L1: Completion rate for children of primary school age,_T: Total,2016,59.849659,,PCNT: %,,,,,,,,DHS 2015-16,,,,,,_T: Total
UNICEF:GLOBAL_DATAFLOW(1.0): Cross-sector indicators,ARG: Argentina,ED_CR_L1: Completion rate for children of primary school age,F: Female,2020,98.040077,,PCNT: %,,,,,,,,MICS 2019-20,,,,,,_T: Total
UNICEF:GLOBAL_DATAFLOW(1.0): Cross-sector indicators,ARG: Argentina,ED_CR_L1: Completion rate for children of primary school age,M: Male,2020,95.666924,,PCNT: %,,,,,,,,MICS 2019-20,,,,,,_T: Total
UNICEF:GLOBAL_DATAFLOW(1.0): Cross-sector indicators,ARG: Argentina,ED_CR_L1: Completion rate for children of primary school age,_T: Total,2020,96.839119,,PCNT: %,,,,,,,,MICS 2019-20,,,,,,_T: Total
UNICEF:GLOBAL_DATAFLOW(1.0): Cross-sector indicators,ARM: Armenia,ED_CR_L1: Completion rate for children of primary school age,F: Female,2016,99.11264,,PCNT: %,,,,,,,,DHS 2015-16,,,,,,_T: Total
UNICEF:GLOBAL_DATAFLOW(1.0): Cross-sector indicators,ARM: Armenia,ED_CR_L1: Completion rate for children of primary school age,M: Male,2016,99.389252,,PCNT: %,,,,,,,,DHS 2015-16,,,,,,_T: Total
UNICEF:GLOBAL_DATAFLOW(1.0): Cross-sector indicators,ARM: Armenia,ED_CR_L1: Completion rate for children of primary school age,_T: Total,2016,99.266441,,PCNT: %,,,,,,,,DHS 2015-16,,,,,,_T: Total
UNICEF:GLOBAL_DATAFLOW(1.0): Cross-sector indicators,BGD: Bangladesh,ED_CR_L1: Completion rate for children of primary school age,F: Female,2019,89.099998,,PCNT: %,,,,,,,,MICS 2019,,,,,,_T: Total
UNICEF:GLOBAL_DATAFLOW(1.0): Cross-sector indicators,BGD: Bangladesh,ED_CR_L1: Completion rate for children of primary school age,M: Male,2019,76.300003,,PCNT: %,,,,,,,,MICS 2019,,,,,,_T: Total
UNICEF:GLOBAL_DATAFLOW(1.0): Cross-sector indicators,BGD: Bangladesh,ED_CR_L1: Completion rate for children of primary school age,_T: Total,2019,82.599998,,PCNT: %,,,,,,,,MICS 2019,,,,,,_T: Total
UNICEF:GLOBAL_DATAFLOW(1.0): Cross-sector indicators,BRB: Barbados,ED_CR_L1: Completion rate for children of primary school age,F: Female,2012,99.199997,,PCNT: %,,,,,,,,MICS 2012,,,,,,_T: Total
UNICEF:GLOBAL_DATAFLOW(1.0): Cross-sector indicators,BRB: Barbados,ED_CR_L1: Completion rate for children of primary school age,M: Male,2012,98.699997,,PCNT: %,,,,,,,,MICS 2012,,,,,,_T: Total
UNICEF:GLOBAL_DATAFLOW(1.0): Cross-sector indicators,BRB: Barbados,ED_CR_L1: Completion rate for children of primary school age,_T: Total,2012,98.900002,,PCNT: %,,,,,,,,MICS 2012,,,,,,_T: Total
UNICEF:GLOBAL_DATAFLOW(1.0): Cross-sector indicators,BLR: Belarus,ED_CR_L1: Completion rate for children of primary school age,F: Female,2020,100,,PCNT: %,,,,,,,,MICS 2019,,,,,,_T: Total
UNICEF:GLOBAL_DATAFLOW(1.0): Cross-sector indicators,BLR: Belarus,ED_CR_L1: Completion rate for children of primary school age,M: Male,2020,99.864349,,PCNT: %,,,,,,,,MICS 2019,,,,,,_T: Total
UNICEF:GLOBAL_DATAFLOW(1.0): Cross-sector indicators,BLR: Belarus,ED_CR_L1: Completion rate for children of primary school age,_T: Total,2020,99.932289,,PCNT: %,,,,,,,,MICS 2019,,,,,,_T: Total
UNICEF:GLOBAL_DATAFLOW(1.0): Cross-sector indicators,BLZ: Belize,ED_CR_L1: Completion rate for children of primary school age,F: Female,2016,96,,PCNT: %,,,,,,,,MICS 2015-16,,,,,,_T: Total
UNICEF:GLOBAL_DATAFLOW(1.0): Cross-sector indicators,BLZ: Belize,ED_CR_L1: Completion rate for children of primary school age,M: Male,2016,94.800003,,PCNT: %,,,,,,,,MICS 2015-16,,,,,,_T: Total
UNICEF:GLOBAL_DATAFLOW(1.0): Cross-sector indicators,BLZ: Belize,ED_CR_L1: Completion rate for children of primary school age,_T: Total,2016,95.400002,,PCNT: %,,,,,,,,MICS 2015-16,,,,,,_T: Total
UNICEF:GLOBAL_DATAFLOW(1.0): Cross-sector indicators,BEN: Benin,ED_CR_L1: Completion rate for children of primary school age,F: Female,2018,44.196468,,PCNT: %,,,,,,,,DHS 2017-18,,,,,,_T: Total
UNICEF:GLOBAL_DATAFLOW(1.0): Cross-sector indicators,BEN: Benin,ED_CR_L1: Completion rate for children of primary school age,M: Male,2018,51.01598,,PCNT: %,,,,,,,,DHS 2017-18,,,,,,_T: Total
UNICEF:GLOBAL_DATAFLOW(1.0): Cross-sector indicators,BEN: Benin,ED_CR_L1: Completion rate for children of primary school age,_T: Total,2018,47.672329,,PCNT: %,,,,,,,,DHS 2017-18,,,,,,_T: Total
UNICEF:GLOBAL_DATAFLOW(1.0): Cross-sector indicators,BTN: Bhutan,ED_CR_L1: Completion rate for children of primary school age,F: Female,2010,70.800003,,PCNT: %,,,,,,,,MICS 2010,,,,,,_T: Total
UNICEF:GLOBAL_DATAFLOW(1.0): Cross-sector indicators,BTN: Bhutan,ED_CR_L1: Completion rate for children of primary school age,M: Male,2010,66.5,,PCNT: %,,,,,,,,MICS 2010,,,,,,_T: Total
UNICEF:GLOBAL_DATAFLOW(1.0): Cross-sector indicators,BTN: Bhutan,ED_CR_L1: Completion rate for children of primary school age,_T: Total,2010,68.599998,,PCNT: %,,,,,,,,MICS 2010,,,,,,_T: Total
UNICEF:GLOBAL_DATAFLOW(1.0): Cross-sector indicators,BOL: Bolivia (Plurinational State of),ED_CR_L1: Completion rate for children of primary school age,F: Female,2016,93.387756,,PCNT: %,,,,,,,,Encuesta de DemografÃ­a y Salud (EDSA) 2016,,,,,,_T: Total
UNICEF:GLOBAL_DATAFLOW(1.0): Cross-sector indicators,BOL: Bolivia (Plurinational State of),ED_CR_L1: Completion rate for children of primary school age,M: Male,2016,91.487007,,PCNT: %,,,,,,,,Encuesta de DemografÃ­a y Salud (EDSA) 2016,,,,,,_T: Total
UNICEF:GLOBAL_DATAFLOW(1.0): Cross-sector indicators,BOL: Bolivia (Plurinational State of),ED_CR_L1: Completion rate for children of primary school age,_T: Total,2016,92.354889,,PCNT: %,,,,,,,,Encuesta de DemografÃ­a y Salud (EDSA) 2016,,,,,,_T: Total
UNICEF:GLOBAL_DATAFLOW(1.0): Cross-sector indicators,BIH: Bosnia and Herzegovina,ED_CR_L1: Completion rate for children of primary school age,F: Female,2012,99.900002,,PCNT: %,,,,,,,,MICS 2011-12,,,,,,_T: Total
UNICEF:GLOBAL_DATAFLOW(1.0): Cross-sector indicators,BIH: Bosnia and Herzegovina,ED_CR_L1: Completion rate for children of primary school age,M: Male,2012,99.199997,,PCNT: %,,,,,,,,MICS 2011-12,,,,,,_T: Total
UNICEF:GLOBAL_DATAFLOW(1.0): Cross-sector indicators,BIH: Bosnia and Herzegovina,ED_CR_L1: Completion rate for children of primary school age,_T: Total,2012,99.599998,,PCNT: %,,,,,,,,MICS 2011-12,,,,,,_T: Total
UNICEF:GLOBAL_DATAFLOW(1.0): Cross-sector indicators,BWA: Botswana,ED_CR_L1: Completion rate for children of primary school age,F: Female,2017,97.699997,,PCNT: %,,,,,,,,Botswana Demographic Survey 2017,,,,,,_T: Total
UNICEF:GLOBAL_DATAFLOW(1.0): Cross-sector indicators,BWA: Botswana,ED_CR_L1: Completion rate for children of primary school age,M: Male,2017,95.099998,,PCNT: %,,,,,,,,Botswana Demographic Survey 2017,,,,,,_T: Total
UNICEF:GLOBAL_DATAFLOW(1.0): Cross-sector indicators,BWA: Botswana,ED_CR_L1: Completion rate for children of primary school age,_T: Total,2017,96.400002,,PCNT: %,,,,,,,,Botswana Demographic Survey 2017,,,,,,_T: Total
UNICEF:GLOBAL_DATAFLOW(1.0): Cross-sector indicators,BRA: Brazil,ED_CR_L1: Completion rate for children of primary school age,F: Female,2019,96.5,,PCNT: %,,,,,,,,PNAD 2019,,,,,,_T: Total
UNICEF:GLOBAL_DATAFLOW(1.0): Cross-sector indicators,BRA: Brazil,ED_CR_L1: Completion rate for children of primary school age,M: Male,2019,94.599998,,PCNT: %,,,,,,,,PNAD 2019,,,,,,_T: Total
UNICEF:GLOBAL_DATAFLOW(1.0): Cross-sector indicators,BRA: Brazil,ED_CR_L1: Completion rate for children of primary school age,_T: Total,2019,95.5,,PCNT: %,,,,,,,,PNAD 2019,,,,,,_T: Total
UNICEF:GLOBAL_DATAFLOW(1.0): Cross-sector indicators,BFA: Burkina Faso,ED_CR_L1: Completion rate for children of primary school age,F: Female,2010,29.4,,PCNT: %,,,,,,,,DHS 2010,,,,,,_T: Total
UNICEF:GLOBAL_DATAFLOW(1.0): Cross-sector indicators,BFA: Burkina Faso,ED_CR_L1: Completion rate for children of primary school age,M: Male,2010,31.799999,,PCNT: %,,,,,,,,DHS 2010,,,,,,_T: Total
UNICEF:GLOBAL_DATAFLOW(1.0): Cross-sector indicators,BFA: Burkina Faso,ED_CR_L1: Completion rate for children of primary school age,_T: Total,2010,30.700001,,PCNT: %,,,,,,,,DHS 2010,,,,,,_T: Total
UNICEF:GLOBAL_DATAFLOW(1.0): Cross-sector indicators,BDI: Burundi,ED_CR_L1: Completion rate for children of primary school age,F: Female,2017,54.099998,,PCNT: %,,,,,,,,DHS 2016-17,,,,,,_T: Total
UNICEF:GLOBAL_DATAFLOW(1.0): Cross-sector indicators,BDI: Burundi,ED_CR_L1: Completion rate for children of primary school age,M: Male,2017,46,,PCNT: %,,,,,,,,DHS 2016-17,,,,,,_T: Total
UNICEF:GLOBAL_DATAFLOW(1.0): Cross-sector indicators,BDI: Burundi,ED_CR_L1: Completion rate for children of primary school age,_T: Total,2017,50.099998,,PCNT: %,,,,,,,,DHS 2016-17,,,,,,_T: Total
UNICEF:GLOBAL_DATAFLOW(1.0): Cross-sector indicators,KHM: Cambodia,ED_CR_L1: Completion rate for children of primary school age,F: Female,2014,78.800003,,PCNT: %,,,,,,,,DHS 2014,,,,,,_T: Total
UNICEF:GLOBAL_DATAFLOW(1.0): Cross-sector indicators,KHM: Cambodia,ED_CR_L1: Completion rate for children of primary school age,M: Male,2014,68.199997,,PCNT: %,,,,,,,,DHS 2014,,,,,,_T: Total
UNICEF:GLOBAL_DATAFLOW(1.0): Cross-sector indicators,KHM: Cambodia,ED_CR_L1: Completion rate for children of primary school age,_T: Total,2014,73.300003,,PCNT: %,,,,,,,,DHS 2014,,,,,,_T: Total
UNICEF:GLOBAL_DATAFLOW(1.0): Cross-sector indicators,CMR: Cameroon,ED_CR_L1: Completion rate for children of primary school age,F: Female,2018,73.62265,,PCNT: %,,,,,,,,DHS 2018,,,,,,_T: Total
UNICEF:GLOBAL_DATAFLOW(1.0): Cross-sector indicators,CMR: Cameroon,ED_CR_L1: Completion rate for children of primary school age,M: Male,2018,74.991524,,PCNT: %,,,,,,,,DHS 2018,,,,,,_T: Total
UNICEF:GLOBAL_DATAFLOW(1.0): Cross-sector indicators,CMR: Cameroon,ED_CR_L1: Completion rate for children of primary school age,_T: Total,2018,74.272621,,PCNT: %,,,,,,,,DHS 2018,,,,,,_T: Total
UNICEF:GLOBAL_DATAFLOW(1.0): Cross-sector indicators,CAF: Central African Republic,ED_CR_L1: Completion rate for children of primary school age,F: Female,2019,23.63912,,PCNT: %,,,,,,,,MICS 2018-19,,,,,,_T: Total
UNICEF:GLOBAL_DATAFLOW(1.0): Cross-sector indicators,CAF: Central African Republic,ED_CR_L1: Completion rate for children of primary school age,M: Male,2019,29.80345,,PCNT: %,,,,,,,,MICS 2018-19,,,,,,_T: Total
UNICEF:GLOBAL_DATAFLOW(1.0): Cross-sector indicators,CAF: Central African Republic,ED_CR_L1: Completion rate for children of primary school age,_T: Total,2019,26.755501,,PCNT: %,,,,,,,,MICS 2018-19,,,,,,_T: Total
UNICEF:GLOBAL_DATAFLOW(1.0): Cross-sector indicators,TCD: Chad,ED_CR_L1: Completion rate for children of primary school age,F: Female,2019,23.310511,,PCNT: %,,,,,,,,MICS 2019,,,,,,_T: Total
UNICEF:GLOBAL_DATAFLOW(1.0): Cross-sector indicators,TCD: Chad,ED_CR_L1: Completion rate for children of primary school age,M: Male,2019,30.330379,,PCNT: %,,,,,,,,MICS 2019,,,,,,_T: Total
UNICEF:GLOBAL_DATAFLOW(1.0): Cross-sector indicators,TCD: Chad,ED_CR_L1: Completion rate for children of primary school age,_T: Total,2019,26.965361,,PCNT: %,,,,,,,,MICS 2019,,,,,,_T: Total
UNICEF:GLOBAL_DATAFLOW(1.0): Cross-sector indicators,CHL: Chile,ED_CR_L1: Completion rate for children of primary school age,F: Female,2017,96.917068,,PCNT: %,,,,,,,,CASEN 2017,,,,,,_T: Total
UNICEF:GLOBAL_DATAFLOW(1.0): Cross-sector indicators,CHL: Chile,ED_CR_L1: Completion rate for children of primary school age,M: Male,2017,95.68824,,PCNT: %,,,,,,,,CASEN 2017,,,,,,_T: Total
UNICEF:GLOBAL_DATAFLOW(1.0): Cross-sector indicators,CHL: Chile,ED_CR_L1: Completion rate for children of primary school age,_T: Total,2017,96.28756,,PCNT: %,,,,,,,,CASEN 2017,,,,,,_T: Total
UNICEF:GLOBAL_DATAFLOW(1.0): Cross-sector indicators,CHN: China,ED_CR_L1: Completion rate for children of primary school age,F: Female,2015,97,,PCNT: %,,,,,,,,National Population Sample Survey 2015,,,,,,_T: Total
UNICEF:GLOBAL_DATAFLOW(1.0): Cross-sector indicators,CHN: China,ED_CR_L1: Completion rate for children of primary school age,M: Male,2015,97.099998,,PCNT: %,,,,,,,,National Population Sample Survey 2015,,,,,,_T: Total
UNICEF:GLOBAL_DATAFLOW(1.0): Cross-sector indicators,CHN: China,ED_CR_L1: Completion rate for children of primary school age,_T: Total,2015,97.099998,,PCNT: %,,,,,,,,National Population Sample Survey 2015,,,,,,_T: Total
UNICEF:GLOBAL_DATAFLOW(1.0): Cross-sector indicators,COL: Colombia,ED_CR_L1: Completion rate for children of primary school age,F: Female,2015,94.699997,,PCNT: %,,,,,,,,DHS 2015,,,,,,_T: Total
UNICEF:GLOBAL_DATAFLOW(1.0): Cross-sector indicators,COL: Colombia,ED_CR_L1: Completion rate for children of primary school age,M: Male,2015,91.400002,,PCNT: %,,,,,,,,DHS 2015,,,,,,_T: Total
UNICEF:GLOBAL_DATAFLOW(1.0): Cross-sector indicators,COL: Colombia,ED_CR_L1: Completion rate for children of primary school age,_T: Total,2015,93,,PCNT: %,,,,,,,,DHS 2015,,,,,,_T: Total
UNICEF:GLOBAL_DATAFLOW(1.0): Cross-sector indicators,COM: Comoros,ED_CR_L1: Completion rate for children of primary school age,F: Female,2012,76.800003,,PCNT: %,,,,,,,,DHS 2012,,,,,,_T: Total
UNICEF:GLOBAL_DATAFLOW(1.0): Cross-sector indicators,COM: Comoros,ED_CR_L1: Completion rate for children of primary school age,M: Male,2012,75.099998,,PCNT: %,,,,,,,,DHS 2012,,,,,,_T: Total
UNICEF:GLOBAL_DATAFLOW(1.0): Cross-sector indicators,COM: Comoros,ED_CR_L1: Completion rate for children of primary school age,_T: Total,2012,76,,PCNT: %,,,,,,,,DHS 2012,,,,,,_T: Total
UNICEF:GLOBAL_DATAFLOW(1.0): Cross-sector indicators,COG: Congo,ED_CR_L1: Completion rate for children of primary school age,F: Female,2015,81.669937,,PCNT: %,,,,,,,,MICS 2014-15,,,,,,_T: Total
UNICEF:GLOBAL_DATAFLOW(1.0): Cross-sector indicators,COG: Congo,ED_CR_L1: Completion rate for children of primary school age,M: Male,2015,78.335167,,PCNT: %,,,,,,,,MICS 2014-15,,,,,,_T: Total
UNICEF:GLOBAL_DATAFLOW(1.0): Cross-sector indicators,COG: Congo,ED_CR_L1: Completion rate for children of primary school age,_T: Total,2015,79.976921,,PCNT: %,,,,,,,,MICS 2014-15,,,,,,_T: Total
UNICEF:GLOBAL_DATAFLOW(1.0): Cross-sector indicators,CRI: Costa Rica,ED_CR_L1: Completion rate for children of primary school age,F: Female,2018,98.637871,,PCNT: %,,,,,,,,MICS 2018,,,,,,_T: Total
UNICEF:GLOBAL_DATAFLOW(1.0): Cross-sector indicators,CRI: Costa Rica,ED_CR_L1: Completion rate for children of primary school age,M: Male,2018,97.715027,,PCNT: %,,,,,,,,MICS 2018,,,,,,_T: Total
UNICEF:GLOBAL_DATAFLOW(1.0): Cross-sector indicators,CRI: Costa Rica,ED_CR_L1: Completion rate for children of primary school age,_T: Total,2018,98.153358,,PCNT: %,,,,,,,,MICS 2018,,,,,,_T: Total
UNICEF:GLOBAL_DATAFLOW(1.0): Cross-sector indicators,CUB: Cuba,ED_CR_L1: Completion rate for children of primary school age,F: Female,2019,99.840607,,PCNT: %,,,,,,,,MICS 2019,,,,,,_T: Total
UNICEF:GLOBAL_DATAFLOW(1.0): Cross-sector indicators,CUB: Cuba,ED_CR_L1: Completion rate for children of primary school age,M: Male,2019,99.5,,PCNT: %,,,,,,,,MICS 2019,,,,,,_T: Total
UNICEF:GLOBAL_DATAFLOW(1.0): Cross-sector indicators,CUB: Cuba,ED_CR_L1: Completion rate for children of primary school age,_T: Total,2019,99.658493,,PCNT: %,,,,,,,,MICS 2019,,,,,,_T: Total
UNICEF:GLOBAL_DATAFLOW(1.0): Cross-sector indicators,CIV: Côte d'Ivoire,ED_CR_L1: Completion rate for children of primary school age,F: Female,2016,53.099998,,PCNT: %,,,,,,,,MICS 2016,,,,,,_T: Total
UNICEF:GLOBAL_DATAFLOW(1.0): Cross-sector indicators,CIV: Côte d'Ivoire,ED_CR_L1: Completion rate for children of primary school age,M: Male,2016,59.700001,,PCNT: %,,,,,,,,MICS 2016,,,,,,_T: Total
UNICEF:GLOBAL_DATAFLOW(1.0): Cross-sector indicators,CIV: Côte d'Ivoire,ED_CR_L1: Completion rate for children of primary school age,_T: Total,2016,56.400002,,PCNT: %,,,,,,,,MICS 2016,,,,,,_T: Total
UNICEF:GLOBAL_DATAFLOW(1.0): Cross-sector indicators,PRK: Democratic People's Republic of Korea,ED_CR_L1: Completion rate for children of primary school age,F: Female,2017,100,,PCNT: %,,,,,,,,MICS 2017,,,,,,_T: Total
UNICEF:GLOBAL_DATAFLOW(1.0): Cross-sector indicators,PRK: Democratic People's Republic of Korea,ED_CR_L1: Completion rate for children of primary school age,M: Male,2017,100,,PCNT: %,,,,,,,,MICS 2017,,,,,,_T: Total
UNICEF:GLOBAL_DATAFLOW(1.0): Cross-sector indicators,PRK: Democratic People's Republic of Korea,ED_CR_L1: Completion rate for children of primary school age,_T: Total,2017,100,,PCNT: %,,,,,,,,MICS 2017,,,,,,_T: Total
UNICEF:GLOBAL_DATAFLOW(1.0): Cross-sector indicators,COD: Democratic Republic of the Congo,ED_CR_L1: Completion rate for children of primary school age,F: Female,2018,66.262306,,PCNT: %,,,,,,,,MICS 2017-18,,,,,,_T: Total
UNICEF:GLOBAL_DATAFLOW(1.0): Cross-sector indicators,COD: Democratic Republic of the Congo,ED_CR_L1: Completion rate for children of primary school age,M: Male,2018,67.099716,,PCNT: %,,,,,,,,MICS 2017-18,,,,,,_T: Total
UNICEF:GLOBAL_DATAFLOW(1.0): Cross-sector indicators,COD: Democratic Republic of the Congo,ED_CR_L1: Completion rate for children of primary school age,_T: Total,2018,66.674828,,PCNT: %,,,,,,,,MICS 2017-18,,,,,,_T: Total
UNICEF:GLOBAL_DATAFLOW(1.0): Cross-sector indicators,DOM: Dominican Republic,ED_CR_L1: Completion rate for children of primary school age,F: Female,2019,93.310112,,PCNT: %,,,,,,,,MICS 2019,,,,,,_T: Total
UNICEF:GLOBAL_DATAFLOW(1.0): Cross-sector indicators,DOM: Dominican Republic,ED_CR_L1: Completion rate for children of primary school age,M: Male,2019,88.013199,,PCNT: %,,,,,,,,MICS 2019,,,,,,_T: Total
UNICEF:GLOBAL_DATAFLOW(1.0): Cross-sector indicators,DOM: Dominican Republic,ED_CR_L1: Completion rate for children of primary school age,_T: Total,2019,90.565987,,PCNT: %,,,,,,,,MICS 2019,,,,,,_T: Total
UNICEF:GLOBAL_DATAFLOW(1.0): Cross-sector indicators,UNICEF_EAP: East Asia and Pacific,ED_CR_L1: Completion rate for children of primary school age,F: Female,2022,96.374863,,PCNT: %,,,,,,,,UNICEF Global Database,,,,,,_T: Total
UNICEF:GLOBAL_DATAFLOW(1.0): Cross-sector indicators,UNICEF_EAP: East Asia and Pacific,ED_CR_L1: Completion rate for children of primary school age,M: Male,2022,95.401977,,PCNT: %,,,,,,,,UNICEF Global Database,,,,,,_T: Total
UNICEF:GLOBAL_DATAFLOW(1.0): Cross-sector indicators,UNICEF_EAP: East Asia and Pacific,ED_CR_L1: Completion rate for children of primary school age,_T: Total,2022,95.871518,,PCNT: %,,,,,,,,UNICEF Global Database,,,,,,_T: Total
UNICEF:GLOBAL_DATAFLOW(1.0): Cross-sector indicators,UNICEF_EECA: Eastern Europe and Central Asia,ED_CR_L1: Completion rate for children of primary school age,F: Female,2022,98.689986,,PCNT: %,,,,,,,,UNICEF Global Database,,,,,,_T: Total
UNICEF:GLOBAL_DATAFLOW(1.0): Cross-sector indicators,UNICEF_EECA: Eastern Europe and Central Asia,ED_CR_L1: Completion rate for children of primary school age,M: Male,2022,99.274108,,PCNT: %,,,,,,,,UNICEF Global Database,,,,,,_T: Total
UNICEF:GLOBAL_DATAFLOW(1.0): Cross-sector indicators,UNICEF_EECA: Eastern Europe and Central Asia,ED_CR_L1: Completion rate for children of primary school age,_T: Total,2022,98.977589,,PCNT: %,,,,,,,,UNICEF Global Database,,,,,,_T: Total
UNICEF:GLOBAL_DATAFLOW(1.0): Cross-sector indicators,UNICEF_ESA: Eastern and Southern Africa,ED_CR_L1: Completion rate for children of primary school age,F: Female,2022,63.488192,,PCNT: %,,,,,,,,UNICEF Global Database,,,,,,_T: Total
UNICEF:GLOBAL_DATAFLOW(1.0): Cross-sector indicators,UNICEF_ESA: Eastern and Southern Africa,ED_CR_L1: Completion rate for children of primary school age,M: Male,2022,60.806121,,PCNT: %,,,,,,,,UNICEF Global Database,,,,,,_T: Total
UNICEF:GLOBAL_DATAFLOW(1.0): Cross-sector indicators,UNICEF_ESA: Eastern and Southern Africa,ED_CR_L1: Completion rate for children of primary school age,_T: Total,2022,62.114317,,PCNT: %,,,,,,,,UNICEF Global Database,,,,,,_T: Total
UNICEF:GLOBAL_DATAFLOW(1.0): Cross-sector indicators,ECU: Ecuador,ED_CR_L1: Completion rate for children of primary school age,F: Female,2019,98.400002,,PCNT: %,,,,,,,,GEPH-ENEMDU-DICIEMBRE - 2019,,,,,,_T: Total
UNICEF:GLOBAL_DATAFLOW(1.0): Cross-sector indicators,ECU: Ecuador,ED_CR_L1: Completion rate for children of primary school age,M: Male,2019,98,,PCNT: %,,,,,,,,GEPH-ENEMDU-DICIEMBRE - 2019,,,,,,_T: Total
UNICEF:GLOBAL_DATAFLOW(1.0): Cross-sector indicators,ECU: Ecuador,ED_CR_L1: Completion rate for children of primary school age,_T: Total,2019,98.199997,,PCNT: %,,,,,,,,GEPH-ENEMDU-DICIEMBRE - 2019,,,,,,_T: Total
UNICEF:GLOBAL_DATAFLOW(1.0): Cross-sector indicators,EGY: Egypt,ED_CR_L1: Completion rate for children of primary school age,F: Female,2014,91.557068,,PCNT: %,,,,,,,,DHS 2014,,,,,,_T: Total
UNICEF:GLOBAL_DATAFLOW(1.0): Cross-sector indicators,EGY: Egypt,ED_CR_L1: Completion rate for children of primary school age,M: Male,2014,90.530273,,PCNT: %,,,,,,,,DHS 2014,,,,,,_T: Total
UNICEF:GLOBAL_DATAFLOW(1.0): Cross-sector indicators,EGY: Egypt,ED_CR_L1: Completion rate for children of primary school age,_T: Total,2014,91.040314,,PCNT: %,,,,,,,,DHS 2014,,,,,,_T: Total
UNICEF:GLOBAL_DATAFLOW(1.0): Cross-sector indicators,SLV: El Salvador,ED_CR_L1: Completion rate for children of primary school age,F: Female,2014,88.599998,,PCNT: %,,,,,,,,MICS 2014,,,,,,_T: Total
UNICEF:GLOBAL_DATAFLOW(1.0): Cross-sector indicators,SLV: El Salvador,ED_CR_L1: Completion rate for children of primary school age,M: Male,2014,84.300003,,PCNT: %,,,,,,,,MICS 2014,,,,,,_T: Total
UNICEF:GLOBAL_DATAFLOW(1.0): Cross-sector indicators,SLV: El Salvador,ED_CR_L1: Completion rate for children of primary school age,_T: Total,2014,86.400002,,PCNT: %,,,,,,,,MICS 2014,,,,,,_T: Total
UNICEF:GLOBAL_DATAFLOW(1.0): Cross-sector indicators,SWZ: Eswatini,ED_CR_L1: Completion rate for children of primary school age,F: Female,2014,76.899361,,PCNT: %,,,,,,,,MICS 2014,,,,,,_T: Total
UNICEF:GLOBAL_DATAFLOW(1.0): Cross-sector indicators,SWZ: Eswatini,ED_CR_L1: Completion rate for children of primary school age,M: Male,2014,64.168999,,PCNT: %,,,,,,,,MICS 2014,,,,,,_T: Total
UNICEF:GLOBAL_DATAFLOW(1.0): Cross-sector indicators,SWZ: Eswatini,ED_CR_L1: Completion rate for children of primary school age,_T: Total,2014,70.351669,,PCNT: %,,,,,,,,MICS 2014,,,,,,_T: Total
UNICEF:GLOBAL_DATAFLOW(1.0): Cross-sector indicators,ETH: Ethiopia,ED_CR_L1: Completion rate for children of primary school age,F: Female,2016,47.801689,,PCNT: %,,,,,,,,DHS 2016,,,,,,_T: Total
UNICEF:GLOBAL_DATAFLOW(1.0): Cross-sector indicators,ETH: Ethiopia,ED_CR_L1: Completion rate for children of primary school age,M: Male,2016,47.053791,,PCNT: %,,,,,,,,DHS 2016,,,,,,_T: Total
UNICEF:GLOBAL_DATAFLOW(1.0): Cross-sector indicators,ETH: Ethiopia,ED_CR_L1: Completion rate for children of primary school age,_T: Total,2016,47.4454,,PCNT: %,,,,,,,,DHS 2016,,,,,,_T: Total
UNICEF:GLOBAL_DATAFLOW(1.0): Cross-sector indicators,GAB: Gabon,ED_CR_L1: Completion rate for children of primary school age,F: Female,2012,74.703552,,PCNT: %,,,,,,,,DHS 2012,,,,,,_T: Total
UNICEF:GLOBAL_DATAFLOW(1.0): Cross-sector indicators,GAB: Gabon,ED_CR_L1: Completion rate for children of primary school age,M: Male,2012,65.894753,,PCNT: %,,,,,,,,DHS 2012,,,,,,_T: Total
UNICEF:GLOBAL_DATAFLOW(1.0): Cross-sector indicators,GAB: Gabon,ED_CR_L1: Completion rate for children of primary school age,_T: Total,2012,70.586723,,PCNT: %,,,,,,,,DHS 2012,,,,,,_T: Total
UNICEF:GLOBAL_DATAFLOW(1.0): Cross-sector indicators,GMB: Gambia,ED_CR_L1: Completion rate for children of primary school age,F: Female,2013,60.073891,,PCNT: %,,,,,,,,DHS 2013,,,,,,_T: Total
UNICEF:GLOBAL_DATAFLOW(1.0): Cross-sector indicators,GMB: Gambia,ED_CR_L1: Completion rate for children of primary school age,M: Male,2013,64.274437,,PCNT: %,,,,,,,,DHS 2013,,,,,,_T: Total
UNICEF:GLOBAL_DATAFLOW(1.0): Cross-sector indicators,GMB: Gambia,ED_CR_L1: Completion rate for children of primary school age,_T: Total,2013,62.08604,,PCNT: %,,,,,,,,DHS 2013,,,,,,_T: Total
UNICEF:GLOBAL_DATAFLOW(1.0): Cross-sector indicators,GEO: Georgia,ED_CR_L1: Completion rate for children of primary school age,F: Female,2018,99.908241,,PCNT: %,,,,,,,,MICS 2018,,,,,,_T: Total
UNICEF:GLOBAL_DATAFLOW(1.0): Cross-sector indicators,GEO: Georgia,ED_CR_L1: Completion rate for children of primary school age,M: Male,2018,99.904556,,PCNT: %,,,,,,,,MICS 2018,,,,,,_T: Total
UNICEF:GLOBAL_DATAFLOW(1.0): Cross-sector indicators,GEO: Georgia,ED_CR_L1: Completion rate for children of primary school age,_T: Total,2018,99.900002,,PCNT: %,,,,,,,,MICS 2018,,,,,,_T: Total
UNICEF:GLOBAL_DATAFLOW(1.0): Cross-sector indicators,GHA: Ghana,ED_CR_L1: Completion rate for children of primary school age,F: Female,2018,73.145287,,PCNT: %,,,,,,,,MICS 2017-18,,,,,,_T: Total
UNICEF:GLOBAL_DATAFLOW(1.0): Cross-sector indicators,GHA: Ghana,ED_CR_L1: Completion rate for children of primary school age,M: Male,2018,68.88044,,PCNT: %,,,,,,,,MICS 2017-18,,,,,,_T: Total
UNICEF:GLOBAL_DATAFLOW(1.0): Cross-sector indicators,GHA: Ghana,ED_CR_L1: Completion rate for children of primary school age,_T: Total,2018,70.957199,,PCNT: %,,,,,,,,MICS 2017-18,,,,,,_T: Total
UNICEF:GLOBAL_DATAFLOW(1.0): Cross-sector indicators,GTM: Guatemala,ED_CR_L1: Completion rate for children of primary school age,F: Female,2015,76.219162,,PCNT: %,,,,,,,,DHS 2014-15,,,,,,_T: Total
UNICEF:GLOBAL_DATAFLOW(1.0): Cross-sector indicators,GTM: Guatemala,ED_CR_L1: Completion rate for children of primary school age,M: Male,2015,79.97261,,PCNT: %,,,,,,,,DHS 2014-15,,,,,,_T: Total
UNICEF:GLOBAL_DATAFLOW(1.0): Cross-sector indicators,GTM: Guatemala,ED_CR_L1: Completion rate for children of primary school age,_T: Total,2015,78.057869,,PCNT: %,,,,,,,,DHS 2014-15,,,,,,_T: Total
UNICEF:GLOBAL_DATAFLOW(1.0): Cross-sector indicators,GIN: Guinea,ED_CR_L1: Completion rate for children of primary school age,F: Female,2018,38.596241,,PCNT: %,,,,,,,,DHS 2018,,,,,,_T: Total
UNICEF:GLOBAL_DATAFLOW(1.0): Cross-sector indicators,GIN: Guinea,ED_CR_L1: Completion rate for children of primary school age,M: Male,2018,51.783451,,PCNT: %,,,,,,,,DHS 2018,,,,,,_T: Total
UNICEF:GLOBAL_DATAFLOW(1.0): Cross-sector indicators,GIN: Guinea,ED_CR_L1: Completion rate for children of primary school age,_T: Total,2018,44.649391,,PCNT: %,,,,,,,,DHS 2018,,,,,,_T: Total
UNICEF:GLOBAL_DATAFLOW(1.0): Cross-sector indicators,GNB: Guinea-Bissau,ED_CR_L1: Completion rate for children of primary school age,F: Female,2019,25.063,,PCNT: %,,,,,,,,MICS 2018-19,,,,,,_T: Total
UNICEF:GLOBAL_DATAFLOW(1.0): Cross-sector indicators,GNB: Guinea-Bissau,ED_CR_L1: Completion rate for children of primary school age,M: Male,2019,29.224979,,PCNT: %,,,,,,,,MICS 2018-19,,,,,,_T: Total
UNICEF:GLOBAL_DATAFLOW(1.0): Cross-sector indicators,GNB: Guinea-Bissau,ED_CR_L1: Completion rate for children of primary school age,_T: Total,2019,27.22732,,PCNT: %,,,,,,,,MICS 2018-19,,,,,,_T: Total
UNICEF:GLOBAL_DATAFLOW(1.0): Cross-sector indicators,GUY: Guyana,ED_CR_L1: Completion rate for children of primary school age,F: Female,2020,98.698563,,PCNT: %,,,,,,,,MICS 2019-20,,,,,,_T: Total
UNICEF:GLOBAL_DATAFLOW(1.0): Cross-sector indicators,GUY: Guyana,ED_CR_L1: Completion rate for children of primary school age,M: Male,2020,96.152771,,PCNT: %,,,,,,,,MICS 2019-20,,,,,,_T: Total
UNICEF:GLOBAL_DATAFLOW(1.0): Cross-sector indicators,GUY: Guyana,ED_CR_L1: Completion rate for children of primary school age,_T: Total,2020,97.366203,,PCNT: %,,,,,,,,MICS 2019-20,,,,,,_T: Total
UNICEF:GLOBAL_DATAFLOW(1.0): Cross-sector indicators,HTI: Haiti,ED_CR_L1: Completion rate for children of primary school age,F: Female,2017,58.396599,,PCNT: %,,,,,,,,DHS 2016-17,,,,,,_T: Total
UNICEF:GLOBAL_DATAFLOW(1.0): Cross-sector indicators,HTI: Haiti,ED_CR_L1: Completion rate for children of primary school age,M: Male,2017,48.747589,,PCNT: %,,,,,,,,DHS 2016-17,,,,,,_T: Total
UNICEF:GLOBAL_DATAFLOW(1.0): Cross-sector indicators,HTI: Haiti,ED_CR_L1: Completion rate for children of primary school age,_T: Total,2017,53.601479,,PCNT: %,,,,,,,,DHS 2016-17,,,,,,_T: Total
UNICEF:GLOBAL_DATAFLOW(1.0): Cross-sector indicators,HND: Honduras,ED_CR_L1: Completion rate for children of primary school age,F: Female,2019,89.190758,,PCNT: %,,,,,,,,MICS 2019,,,,,,_T: Total
UNICEF:GLOBAL_DATAFLOW(1.0): Cross-sector indicators,HND: Honduras,ED_CR_L1: Completion rate for children of primary school age,M: Male,2019,85.420349,,PCNT: %,,,,,,,,MICS 2019,,,,,,_T: Total
UNICEF:GLOBAL_DATAFLOW(1.0): Cross-sector indicators,HND: Honduras,ED_CR_L1: Completion rate for children of primary school age,_T: Total,2019,87.283363,,PCNT: %,,,,,,,,MICS 2019,,,,,,_T: Total
UNICEF:GLOBAL_DATAFLOW(1.0): Cross-sector indicators,IND: India,ED_CR_L1: Completion rate for children of primary school age,F: Female,2016,91.347,,PCNT: %,,,,,,,,DHS 2015-16,,,,,,_T: Total
UNICEF:GLOBAL_DATAFLOW(1.0): Cross-sector indicators,IND: India,ED_CR_L1: Completion rate for children of primary school age,M: Male,2016,91.545998,,PCNT: %,,,,,,,,DHS 2015-16,,,,,,_T: Total
UNICEF:GLOBAL_DATAFLOW(1.0): Cross-sector indicators,IND: India,ED_CR_L1: Completion rate for children of primary school age,_T: Total,2016,91.450996,,PCNT: %,,,,,,,,DHS 2015-16,,,,,,_T: Total
UNICEF:GLOBAL_DATAFLOW(1.0): Cross-sector indicators,IDN: Indonesia,ED_CR_L1: Completion rate for children of primary school age,F: Female,2017,97.643188,,PCNT: %,,,,,,,,DHS 2017,,,,,,_T: Total
UNICEF:GLOBAL_DATAFLOW(1.0): Cross-sector indicators,IDN: Indonesia,ED_CR_L1: Completion rate for children of primary school age,M: Male,2017,95.697021,,PCNT: %,,,,,,,,DHS 2017,,,,,,_T: Total
UNICEF:GLOBAL_DATAFLOW(1.0): Cross-sector indicators,IDN: Indonesia,ED_CR_L1: Completion rate for children of primary school age,_T: Total,2017,96.637947,,PCNT: %,,,,,,,,DHS 2017,,,,,,_T: Total
UNICEF:GLOBAL_DATAFLOW(1.0): Cross-sector indicators,IRQ: Iraq,ED_CR_L1: Completion rate for children of primary school age,F: Female,2018,73.199997,,PCNT: %,,,,,,,,MICS 2018,,,,,,_T: Total
UNICEF:GLOBAL_DATAFLOW(1.0): Cross-sector indicators,IRQ: Iraq,ED_CR_L1: Completion rate for children of primary school age,M: Male,2018,77.900002,,PCNT: %,,,,,,,,MICS 2018,,,,,,_T: Total
UNICEF:GLOBAL_DATAFLOW(1.0): Cross-sector indicators,IRQ: Iraq,ED_CR_L1: Completion rate for children of primary school age,_T: Total,2018,75.699997,,PCNT: %,,,,,,,,MICS 2018,,,,,,_T: Total
UNICEF:GLOBAL_DATAFLOW(1.0): Cross-sector indicators,JAM: Jamaica,ED_CR_L1: Completion rate for children of primary school age,F: Female,2011,99.599998,,PCNT: %,,,,,,,,MICS 2011,,,,,,_T: Total
UNICEF:GLOBAL_DATAFLOW(1.0): Cross-sector indicators,JAM: Jamaica,ED_CR_L1: Completion rate for children of primary school age,M: Male,2011,99,,PCNT: %,,,,,,,,MICS 2011,,,,,,_T: Total
UNICEF:GLOBAL_DATAFLOW(1.0): Cross-sector indicators,JAM: Jamaica,ED_CR_L1: Completion rate for children of primary school age,_T: Total,2011,99.300003,,PCNT: %,,,,,,,,MICS 2011,,,,,,_T: Total
UNICEF:GLOBAL_DATAFLOW(1.0): Cross-sector indicators,JOR: Jordan,ED_CR_L1: Completion rate for children of primary school age,F: Female,2018,96.932373,,PCNT: %,,,,,,,,DHS 2017-18,,,,,,_T: Total
UNICEF:GLOBAL_DATAFLOW(1.0): Cross-sector indicators,JOR: Jordan,ED_CR_L1: Completion rate for children of primary school age,M: Male,2018,96.043388,,PCNT: %,,,,,,,,DHS 2017-18,,,,,,_T: Total
UNICEF:GLOBAL_DATAFLOW(1.0): Cross-sector indicators,JOR: Jordan,ED_CR_L1: Completion rate for children of primary school age,_T: Total,2018,96.470284,,PCNT: %,,,,,,,,DHS 2017-18,,,,,,_T: Total
UNICEF:GLOBAL_DATAFLOW(1.0): Cross-sector indicators,KAZ: Kazakhstan,ED_CR_L1: Completion rate for children of primary school age,F: Female,2015,99.900002,,PCNT: %,,,,,,,,MICS 2015,,,,,,_T: Total
UNICEF:GLOBAL_DATAFLOW(1.0): Cross-sector indicators,KAZ: Kazakhstan,ED_CR_L1: Completion rate for children of primary school age,M: Male,2015,99.800003,,PCNT: %,,,,,,,,MICS 2015,,,,,,_T: Total
UNICEF:GLOBAL_DATAFLOW(1.0): Cross-sector indicators,KAZ: Kazakhstan,ED_CR_L1: Completion rate for children of primary school age,_T: Total,2015,99.900002,,PCNT: %,,,,,,,,MICS 2015,,,,,,_T: Total
UNICEF:GLOBAL_DATAFLOW(1.0): Cross-sector indicators,KEN: Kenya,ED_CR_L1: Completion rate for children of primary school age,F: Female,2014,81.599998,,PCNT: %,,,,,,,,DHS 2014,,,,,,_T: Total
UNICEF:GLOBAL_DATAFLOW(1.0): Cross-sector indicators,KEN: Kenya,ED_CR_L1: Completion rate for children of primary school age,M: Male,2014,76.599998,,PCNT: %,,,,,,,,DHS 2014,,,,,,_T: Total
UNICEF:GLOBAL_DATAFLOW(1.0): Cross-sector indicators,KEN: Kenya,ED_CR_L1: Completion rate for children of primary school age,_T: Total,2014,79,,PCNT: %,,,,,,,,DHS 2014,,,,,,_T: Total
UNICEF:GLOBAL_DATAFLOW(1.0): Cross-sector indicators,KIR: Kiribati,ED_CR_L1: Completion rate for children of primary school age,F: Female,2019,96.451591,,PCNT: %,,,,,,,,MICS 2018-19,,,,,,_T: Total
UNICEF:GLOBAL_DATAFLOW(1.0): Cross-sector indicators,KIR: Kiribati,ED_CR_L1: Completion rate for children of primary school age,M: Male,2019,92.135643,,PCNT: %,,,,,,,,MICS 2018-19,,,,,,_T: Total
UNICEF:GLOBAL_DATAFLOW(1.0): Cross-sector indicators,KIR: Kiribati,ED_CR_L1: Completion rate for children of primary school age,_T: Total,2019,94.086327,,PCNT: %,,,,,,,,MICS 2018-19,,,,,,_T: Total
UNICEF:GLOBAL_DATAFLOW(1.0): Cross-sector indicators,XKX: Kosovo (UNSCR 1244),ED_CR_L1: Completion rate for children of primary school age,F: Female,2020,98.8,,PCNT: %,,,,,,,,MICS 2019-20,,,,,,_T: Total
UNICEF:GLOBAL_DATAFLOW(1.0): Cross-sector indicators,XKX: Kosovo (UNSCR 1244),ED_CR_L1: Completion rate for children of primary school age,M: Male,2020,98.1,,PCNT: %,,,,,,,,MICS 2019-20,,,,,,_T: Total
UNICEF:GLOBAL_DATAFLOW(1.0): Cross-sector indicators,XKX: Kosovo (UNSCR 1244),ED_CR_L1: Completion rate for children of primary school age,_T: Total,2020,98.4,,PCNT: %,,,,,,,,MICS 2019-20,,,,,,_T: Total
UNICEF:GLOBAL_DATAFLOW(1.0): Cross-sector indicators,KGZ: Kyrgyzstan,ED_CR_L1: Completion rate for children of primary school age,F: Female,2018,99.5,,PCNT: %,,,,,,,,MICS 2018,,,,,,_T: Total
UNICEF:GLOBAL_DATAFLOW(1.0): Cross-sector indicators,KGZ: Kyrgyzstan,ED_CR_L1: Completion rate for children of primary school age,M: Male,2018,99,,PCNT: %,,,,,,,,MICS 2018,,,,,,_T: Total
UNICEF:GLOBAL_DATAFLOW(1.0): Cross-sector indicators,KGZ: Kyrgyzstan,ED_CR_L1: Completion rate for children of primary school age,_T: Total,2018,99.199997,,PCNT: %,,,,,,,,MICS 2018,,,,,,_T: Total
UNICEF:GLOBAL_DATAFLOW(1.0): Cross-sector indicators,LAO: Lao People's Democratic Republic,ED_CR_L1: Completion rate for children of primary school age,F: Female,2017,83.314621,,PCNT: %,,,,,,,,MICS 2017,,,,,,_T: Total
UNICEF:GLOBAL_DATAFLOW(1.0): Cross-sector indicators,LAO: Lao People's Democratic Republic,ED_CR_L1: Completion rate for children of primary school age,M: Male,2017,83.543762,,PCNT: %,,,,,,,,MICS 2017,,,,,,_T: Total
UNICEF:GLOBAL_DATAFLOW(1.0): Cross-sector indicators,LAO: Lao People's Democratic Republic,ED_CR_L1: Completion rate for children of primary school age,_T: Total,2017,83.433311,,PCNT: %,,,,,,,,MICS 2017,,,,,,_T: Total
UNICEF:GLOBAL_DATAFLOW(1.0): Cross-sector indicators,UNICEF_LAC: Latin America and the Caribbean,ED_CR_L1: Completion rate for children of primary school age,F: Female,2022,94.672693,,PCNT: %,,,,,,,,UNICEF Global Database,,,,,,_T: Total
UNICEF:GLOBAL_DATAFLOW(1.0): Cross-sector indicators,UNICEF_LAC: Latin America and the Caribbean,ED_CR_L1: Completion rate for children of primary school age,M: Male,2022,92.998181,,PCNT: %,,,,,,,,UNICEF Global Database,,,,,,_T: Total
UNICEF:GLOBAL_DATAFLOW(1.0): Cross-sector indicators,UNICEF_LAC: Latin America and the Caribbean,ED_CR_L1: Completion rate for children of primary school age,_T: Total,2022,93.806183,,PCNT: %,,,,,,,,UNICEF Global Database,,,,,,_T: Total
UNICEF:GLOBAL_DATAFLOW(1.0): Cross-sector indicators,UNSDG_LDC: Least developed countries,ED_CR_L1: Completion rate for children of primary school age,F: Female,2022,58.352321,,PCNT: %,,,,,,,,UNICEF Global Database,,,,,,_T: Total
UNICEF:GLOBAL_DATAFLOW(1.0): Cross-sector indicators,UNSDG_LDC: Least developed countries,ED_CR_L1: Completion rate for children of primary school age,M: Male,2022,58.437723,,PCNT: %,,,,,,,,UNICEF Global Database,,,,,,_T: Total
UNICEF:GLOBAL_DATAFLOW(1.0): Cross-sector indicators,UNSDG_LDC: Least developed countries,ED_CR_L1: Completion rate for children of primary school age,_T: Total,2022,58.369756,,PCNT: %,,,,,,,,UNICEF Global Database,,,,,,_T: Total
UNICEF:GLOBAL_DATAFLOW(1.0): Cross-sector indicators,LSO: Lesotho,ED_CR_L1: Completion rate for children of primary school age,F: Female,2018,91.800003,,PCNT: %,,,,,,,,MICS 2018,,,,,,_T: Total
UNICEF:GLOBAL_DATAFLOW(1.0): Cross-sector indicators,LSO: Lesotho,ED_CR_L1: Completion rate for children of primary school age,M: Male,2018,68.599998,,PCNT: %,,,,,,,,MICS 2018,,,,,,_T: Total
UNICEF:GLOBAL_DATAFLOW(1.0): Cross-sector indicators,LSO: Lesotho,ED_CR_L1: Completion rate for children of primary school age,_T: Total,2018,79.900002,,PCNT: %,,,,,,,,MICS 2018,,,,,,_T: Total
UNICEF:GLOBAL_DATAFLOW(1.0): Cross-sector indicators,LBR: Liberia,ED_CR_L1: Completion rate for children of primary school age,F: Female,2013,32.599998,,PCNT: %,,,,,,,,DHS 2013,,,,,,_T: Total
UNICEF:GLOBAL_DATAFLOW(1.0): Cross-sector indicators,LBR: Liberia,ED_CR_L1: Completion rate for children of primary school age,M: Male,2013,35.900002,,PCNT: %,,,,,,,,DHS 2013,,,,,,_T: Total
UNICEF:GLOBAL_DATAFLOW(1.0): Cross-sector indicators,LBR: Liberia,ED_CR_L1: Completion rate for children of primary school age,_T: Total,2013,34.200001,,PCNT: %,,,,,,,,DHS 2013,,,,,,_T: Total
UNICEF:GLOBAL_DATAFLOW(1.0): Cross-sector indicators,MDG: Madagascar,ED_CR_L1: Completion rate for children of primary school age,F: Female,2018,60.200001,,PCNT: %,,,,,,,,MICS 2018,,,,,,_T: Total
UNICEF:GLOBAL_DATAFLOW(1.0): Cross-sector indicators,MDG: Madagascar,ED_CR_L1: Completion rate for children of primary school age,M: Male,2018,51.599998,,PCNT: %,,,,,,,,MICS 2018,,,,,,_T: Total
UNICEF:GLOBAL_DATAFLOW(1.0): Cross-sector indicators,MDG: Madagascar,ED_CR_L1: Completion rate for children of primary school age,_T: Total,2018,55.900002,,PCNT: %,,,,,,,,MICS 2018,,,,,,_T: Total
UNICEF:GLOBAL_DATAFLOW(1.0): Cross-sector indicators,MWI: Malawi,ED_CR_L1: Completion rate for children of primary school age,F: Female,2016,51.5,,PCNT: %,,,,,,,,DHS 2015-16,,,,,,_T: Total
UNICEF:GLOBAL_DATAFLOW(1.0): Cross-sector indicators,MWI: Malawi,ED_CR_L1: Completion rate for children of primary school age,M: Male,2016,42.700001,,PCNT: %,,,,,,,,DHS 2015-16,,,,,,_T: Total
UNICEF:GLOBAL_DATAFLOW(1.0): Cross-sector indicators,MWI: Malawi,ED_CR_L1: Completion rate for children of primary school age,_T: Total,2016,46.700001,,PCNT: %,,,,,,,,DHS 2015-16,,,,,,_T: Total
UNICEF:GLOBAL_DATAFLOW(1.0): Cross-sector indicators,MLI: Mali,ED_CR_L1: Completion rate for children of primary school age,F: Female,2015,40.700001,,PCNT: %,,,,,,,,MICS 2015,,,,,,_T: Total
UNICEF:GLOBAL_DATAFLOW(1.0): Cross-sector indicators,MLI: Mali,ED_CR_L1: Completion rate for children of primary school age,M: Male,2015,49.700001,,PCNT: %,,,,,,,,MICS 2015,,,,,,_T: Total
UNICEF:GLOBAL_DATAFLOW(1.0): Cross-sector indicators,MLI: Mali,ED_CR_L1: Completion rate for children of primary school age,_T: Total,2015,45.200001,,PCNT: %,,,,,,,,MICS 2015,,,,,,_T: Total
UNICEF:GLOBAL_DATAFLOW(1.0): Cross-sector indicators,MRT: Mauritania,ED_CR_L1: Completion rate for children of primary school age,F: Female,2015,57.896851,,PCNT: %,,,,,,,,MICS 2015,,,,,,_T: Total
UNICEF:GLOBAL_DATAFLOW(1.0): Cross-sector indicators,MRT: Mauritania,ED_CR_L1: Completion rate for children of primary school age,M: Male,2015,68.495567,,PCNT: %,,,,,,,,MICS 2015,,,,,,_T: Total
UNICEF:GLOBAL_DATAFLOW(1.0): Cross-sector indicators,MRT: Mauritania,ED_CR_L1: Completion rate for children of primary school age,_T: Total,2015,62.90905,,PCNT: %,,,,,,,,MICS 2015,,,,,,_T: Total
UNICEF:GLOBAL_DATAFLOW(1.0): Cross-sector indicators,MEX: Mexico,ED_CR_L1: Completion rate for children of primary school age,F: Female,2018,98.300003,,PCNT: %,,,,,,,,ENIGH 2018,,,,,,_T: Total
UNICEF:GLOBAL_DATAFLOW(1.0): Cross-sector indicators,MEX: Mexico,ED_CR_L1: Completion rate for children of primary school age,M: Male,2018,97.5,,PCNT: %,,,,,,,,ENIGH 2018,,,,,,_T: Total
UNICEF:GLOBAL_DATAFLOW(1.0): Cross-sector indicators,MEX: Mexico,ED_CR_L1: Completion rate for children of primary school age,_T: Total,2018,97.900002,,PCNT: %,,,,,,,,ENIGH 2018,,,,,,_T: Total
UNICEF:GLOBAL_DATAFLOW(1.0): Cross-sector indicators,UNICEF_MENA: Middle East and North Africa,ED_CR_L1: Completion rate for children of primary school age,F: Female,2022,84.052824,,PCNT: %,,,,,,,,UNICEF Global Database,,,,,,_T: Total
UNICEF:GLOBAL_DATAFLOW(1.0): Cross-sector indicators,UNICEF_MENA: Middle East and North Africa,ED_CR_L1: Completion rate for children of primary school age,M: Male,2022,86.123563,,PCNT: %,,,,,,,,UNICEF Global Database,,,,,,_T: Total
UNICEF:GLOBAL_DATAFLOW(1.0): Cross-sector indicators,UNICEF_MENA: Middle East and North Africa,ED_CR_L1: Completion rate for children of primary school age,_T: Total,2022,85.126117,,PCNT: %,,,,,,,,UNICEF Global Database,,,,,,_T: Total
UNICEF:GLOBAL_DATAFLOW(1.0): Cross-sector indicators,MNG: Mongolia,ED_CR_L1: Completion rate for children of primary school age,F: Female,2014,98.451233,,PCNT: %,,,,,,,,MICS 2013-14,,,,,,_T: Total
UNICEF:GLOBAL_DATAFLOW(1.0): Cross-sector indicators,MNG: Mongolia,ED_CR_L1: Completion rate for children of primary school age,M: Male,2014,96.326317,,PCNT: %,,,,,,,,MICS 2013-14,,,,,,_T: Total
UNICEF:GLOBAL_DATAFLOW(1.0): Cross-sector indicators,MNG: Mongolia,ED_CR_L1: Completion rate for children of primary school age,_T: Total,2014,97.365547,,PCNT: %,,,,,,,,MICS 2013-14,,,,,,_T: Total
UNICEF:GLOBAL_DATAFLOW(1.0): Cross-sector indicators,MNE: Montenegro,ED_CR_L1: Completion rate for children of primary school age,F: Female,2018,97.518806,,PCNT: %,,,,,,,,MICS 2018,,,,,,_T: Total
UNICEF:GLOBAL_DATAFLOW(1.0): Cross-sector indicators,MNE: Montenegro,ED_CR_L1: Completion rate for children of primary school age,M: Male,2018,94.519417,,PCNT: %,,,,,,,,MICS 2018,,,,,,_T: Total
UNICEF:GLOBAL_DATAFLOW(1.0): Cross-sector indicators,MNE: Montenegro,ED_CR_L1: Completion rate for children of primary school age,_T: Total,2018,96.030838,,PCNT: %,,,,,,,,MICS 2018,,,,,,_T: Total
UNICEF:GLOBAL_DATAFLOW(1.0): Cross-sector indicators,MOZ: Mozambique,ED_CR_L1: Completion rate for children of primary school age,F: Female,2011,39.189701,,PCNT: %,,,,,,,,DHS 2011,,,,,,_T: Total
UNICEF:GLOBAL_DATAFLOW(1.0): Cross-sector indicators,MOZ: Mozambique,ED_CR_L1: Completion rate for children of primary school age,M: Male,2011,43.645168,,PCNT: %,,,,,,,,DHS 2011,,,,,,_T: Total
UNICEF:GLOBAL_DATAFLOW(1.0): Cross-sector indicators,MOZ: Mozambique,ED_CR_L1: Completion rate for children of primary school age,_T: Total,2011,41.358231,,PCNT: %,,,,,,,,DHS 2011,,,,,,_T: Total
UNICEF:GLOBAL_DATAFLOW(1.0): Cross-sector indicators,MMR: Myanmar,ED_CR_L1: Completion rate for children of primary school age,F: Female,2016,84.397919,,PCNT: %,,,,,,,,DHS 2015-16,,,,,,_T: Total
UNICEF:GLOBAL_DATAFLOW(1.0): Cross-sector indicators,MMR: Myanmar,ED_CR_L1: Completion rate for children of primary school age,M: Male,2016,81.712029,,PCNT: %,,,,,,,,DHS 2015-16,,,,,,_T: Total
UNICEF:GLOBAL_DATAFLOW(1.0): Cross-sector indicators,MMR: Myanmar,ED_CR_L1: Completion rate for children of primary school age,_T: Total,2016,83.093033,,PCNT: %,,,,,,,,DHS 2015-16,,,,,,_T: Total
UNICEF:GLOBAL_DATAFLOW(1.0): Cross-sector indicators,NAM: Namibia,ED_CR_L1: Completion rate for children of primary school age,F: Female,2013,86.099998,,PCNT: %,,,,,,,,DHS 2013,,,,,,_T: Total
UNICEF:GLOBAL_DATAFLOW(1.0): Cross-sector indicators,NAM: Namibia,ED_CR_L1: Completion rate for children of primary school age,M: Male,2013,75,,PCNT: %,,,,,,,,DHS 2013,,,,,,_T: Total
UNICEF:GLOBAL_DATAFLOW(1.0): Cross-sector indicators,NAM: Namibia,ED_CR_L1: Completion rate for children of primary school age,_T: Total,2013,80.599998,,PCNT: %,,,,,,,,DHS 2013,,,,,,_T: Total
UNICEF:GLOBAL_DATAFLOW(1.0): Cross-sector indicators,NPL: Nepal,ED_CR_L1: Completion rate for children of primary school age,F: Female,2019,82.873337,,PCNT: %,,,,,,,,MICS 2019,,,,,,_T: Total
UNICEF:GLOBAL_DATAFLOW(1.0): Cross-sector indicators,NPL: Nepal,ED_CR_L1: Completion rate for children of primary school age,M: Male,2019,80.698082,,PCNT: %,,,,,,,,MICS 2019,,,,,,_T: Total
UNICEF:GLOBAL_DATAFLOW(1.0): Cross-sector indicators,NPL: Nepal,ED_CR_L1: Completion rate for children of primary school age,_T: Total,2019,81.818573,,PCNT: %,,,,,,,,MICS 2019,,,,,,_T: Total
UNICEF:GLOBAL_DATAFLOW(1.0): Cross-sector indicators,NER: Niger,ED_CR_L1: Completion rate for children of primary school age,F: Female,2012,23.56843,,PCNT: %,,,,,,,,DHS 2012,,,,,,_T: Total
UNICEF:GLOBAL_DATAFLOW(1.0): Cross-sector indicators,NER: Niger,ED_CR_L1: Completion rate for children of primary school age,M: Male,2012,34.82,,PCNT: %,,,,,,,,DHS 2012,,,,,,_T: Total
UNICEF:GLOBAL_DATAFLOW(1.0): Cross-sector indicators,NER: Niger,ED_CR_L1: Completion rate for children of primary school age,_T: Total,2012,29.052469,,PCNT: %,,,,,,,,DHS 2012,,,,,,_T: Total
UNICEF:GLOBAL_DATAFLOW(1.0): Cross-sector indicators,NGA: Nigeria,ED_CR_L1: Completion rate for children of primary school age,F: Female,2018,70.699997,,PCNT: %,,,,,,,,DHS 2018,,,,,,_T: Total
UNICEF:GLOBAL_DATAFLOW(1.0): Cross-sector indicators,NGA: Nigeria,ED_CR_L1: Completion rate for children of primary school age,M: Male,2018,70.5,,PCNT: %,,,,,,,,DHS 2018,,,,,,_T: Total
UNICEF:GLOBAL_DATAFLOW(1.0): Cross-sector indicators,NGA: Nigeria,ED_CR_L1: Completion rate for children of primary school age,_T: Total,2018,70.599998,,PCNT: %,,,,,,,,DHS 2018,,,,,,_T: Total
UNICEF:GLOBAL_DATAFLOW(1.0): Cross-sector indicators,MKD: North Macedonia,ED_CR_L1: Completion rate for children of primary school age,F: Female,2019,99.641693,,PCNT: %,,,,,,,,MICS 2018-19,,,,,,_T: Total
UNICEF:GLOBAL_DATAFLOW(1.0): Cross-sector indicators,MKD: North Macedonia,ED_CR_L1: Completion rate for children of primary school age,M: Male,2019,97.024582,,PCNT: %,,,,,,,,MICS 2018-19,,,,,,_T: Total
UNICEF:GLOBAL_DATAFLOW(1.0): Cross-sector indicators,MKD: North Macedonia,ED_CR_L1: Completion rate for children of primary school age,_T: Total,2019,98.280487,,PCNT: %,,,,,,,,MICS 2018-19,,,,,,_T: Total
UNICEF:GLOBAL_DATAFLOW(1.0): Cross-sector indicators,PAK: Pakistan,ED_CR_L1: Completion rate for children of primary school age,F: Female,2018,55.420429,,PCNT: %,,,,,,,,DHS 2017-18,,,,,,_T: Total
UNICEF:GLOBAL_DATAFLOW(1.0): Cross-sector indicators,PAK: Pakistan,ED_CR_L1: Completion rate for children of primary school age,M: Male,2018,64.035004,,PCNT: %,,,,,,,,DHS 2017-18,,,,,,_T: Total
UNICEF:GLOBAL_DATAFLOW(1.0): Cross-sector indicators,PAK: Pakistan,ED_CR_L1: Completion rate for children of primary school age,_T: Total,2018,59.639839,,PCNT: %,,,,,,,,DHS 2017-18,,,,,,_T: Total
UNICEF:GLOBAL_DATAFLOW(1.0): Cross-sector indicators,PAN: Panama,ED_CR_L1: Completion rate for children of primary school age,F: Female,2013,95.5,,PCNT: %,,,,,,,,MICS 2013,,,,,,_T: Total
UNICEF:GLOBAL_DATAFLOW(1.0): Cross-sector indicators,PAN: Panama,ED_CR_L1: Completion rate for children of primary school age,M: Male,2013,94.800003,,PCNT: %,,,,,,,,MICS 2013,,,,,,_T: Total
UNICEF:GLOBAL_DATAFLOW(1.0): Cross-sector indicators,PAN: Panama,ED_CR_L1: Completion rate for children of primary school age,_T: Total,2013,95.099998,,PCNT: %,,,,,,,,MICS 2013,,,,,,_T: Total
UNICEF:GLOBAL_DATAFLOW(1.0): Cross-sector indicators,PRY: Paraguay,ED_CR_L1: Completion rate for children of primary school age,F: Female,2017,95.599998,,PCNT: %,,,,,,,,Encuesta Permanente de Hogares 2017,,,,,,_T: Total
UNICEF:GLOBAL_DATAFLOW(1.0): Cross-sector indicators,PRY: Paraguay,ED_CR_L1: Completion rate for children of primary school age,M: Male,2017,92.599998,,PCNT: %,,,,,,,,Encuesta Permanente de Hogares 2017,,,,,,_T: Total
UNICEF:GLOBAL_DATAFLOW(1.0): Cross-sector indicators,PRY: Paraguay,ED_CR_L1: Completion rate for children of primary school age,_T: Total,2017,94,,PCNT: %,,,,,,,,Encuesta Permanente de Hogares 2017,,,,,,_T: Total
UNICEF:GLOBAL_DATAFLOW(1.0): Cross-sector indicators,PER: Peru,ED_CR_L1: Completion rate for children of primary school age,F: Female,2012,95.099998,,PCNT: %,,,,,,,,DHS 2012,,,,,,_T: Total
UNICEF:GLOBAL_DATAFLOW(1.0): Cross-sector indicators,PER: Peru,ED_CR_L1: Completion rate for children of primary school age,M: Male,2012,94.900002,,PCNT: %,,,,,,,,DHS 2012,,,,,,_T: Total
UNICEF:GLOBAL_DATAFLOW(1.0): Cross-sector indicators,PER: Peru,ED_CR_L1: Completion rate for children of primary school age,_T: Total,2012,95,,PCNT: %,,,,,,,,DHS 2012,,,,,,_T: Total
UNICEF:GLOBAL_DATAFLOW(1.0): Cross-sector indicators,PHL: Philippines,ED_CR_L1: Completion rate for children of primary school age,F: Female,2017,95.155617,,PCNT: %,,,,,,,,DHS 2017,,,,,,_T: Total
UNICEF:GLOBAL_DATAFLOW(1.0): Cross-sector indicators,PHL: Philippines,ED_CR_L1: Completion rate for children of primary school age,M: Male,2017,88.540947,,PCNT: %,,,,,,,,DHS 2017,,,,,,_T: Total
UNICEF:GLOBAL_DATAFLOW(1.0): Cross-sector indicators,PHL: Philippines,ED_CR_L1: Completion rate for children of primary school age,_T: Total,2017,91.587219,,PCNT: %,,,,,,,,DHS 2017,,,,,,_T: Total
UNICEF:GLOBAL_DATAFLOW(1.0): Cross-sector indicators,MDA: Republic of Moldova,ED_CR_L1: Completion rate for children of primary school age,F: Female,2012,99.47757,,PCNT: %,,,,,,,,MICS 2012,,,,,,_T: Total
UNICEF:GLOBAL_DATAFLOW(1.0): Cross-sector indicators,MDA: Republic of Moldova,ED_CR_L1: Completion rate for children of primary school age,M: Male,2012,98.722054,,PCNT: %,,,,,,,,MICS 2012,,,,,,_T: Total
UNICEF:GLOBAL_DATAFLOW(1.0): Cross-sector indicators,MDA: Republic of Moldova,ED_CR_L1: Completion rate for children of primary school age,_T: Total,2012,99.0895,,PCNT: %,,,,,,,,MICS 2012,,,,,,_T: Total
UNICEF:GLOBAL_DATAFLOW(1.0): Cross-sector indicators,RWA: Rwanda,ED_CR_L1: Completion rate for children of primary school age,F: Female,2015,60.900002,,PCNT: %,,,,,,,,DHS 2014-15,,,,,,_T: Total
UNICEF:GLOBAL_DATAFLOW(1.0): Cross-sector indicators,RWA: Rwanda,ED_CR_L1: Completion rate for children of primary school age,M: Male,2015,47.900002,,PCNT: %,,,,,,,,DHS 2014-15,,,,,,_T: Total
UNICEF:GLOBAL_DATAFLOW(1.0): Cross-sector indicators,RWA: Rwanda,ED_CR_L1: Completion rate for children of primary school age,_T: Total,2015,54.299999,,PCNT: %,,,,,,,,DHS 2014-15,,,,,,_T: Total
UNICEF:GLOBAL_DATAFLOW(1.0): Cross-sector indicators,LCA: Saint Lucia,ED_CR_L1: Completion rate for children of primary school age,F: Female,2012,99,,PCNT: %,,,,,,,,MICS 2012,,,,,,_T: Total
UNICEF:GLOBAL_DATAFLOW(1.0): Cross-sector indicators,LCA: Saint Lucia,ED_CR_L1: Completion rate for children of primary school age,M: Male,2012,99.199997,,PCNT: %,,,,,,,,MICS 2012,,,,,,_T: Total
UNICEF:GLOBAL_DATAFLOW(1.0): Cross-sector indicators,LCA: Saint Lucia,ED_CR_L1: Completion rate for children of primary school age,_T: Total,2012,99.099998,,PCNT: %,,,,,,,,MICS 2012,,,,,,_T: Total
UNICEF:GLOBAL_DATAFLOW(1.0): Cross-sector indicators,WSM: Samoa,ED_CR_L1: Completion rate for children of primary school age,F: Female,2020,99.214439,,PCNT: %,,,,,,,,MICS 2019-20,,,,,,_T: Total
UNICEF:GLOBAL_DATAFLOW(1.0): Cross-sector indicators,WSM: Samoa,ED_CR_L1: Completion rate for children of primary school age,M: Male,2020,96.243637,,PCNT: %,,,,,,,,MICS 2019-20,,,,,,_T: Total
UNICEF:GLOBAL_DATAFLOW(1.0): Cross-sector indicators,WSM: Samoa,ED_CR_L1: Completion rate for children of primary school age,_T: Total,2020,97.68605,,PCNT: %,,,,,,,,MICS 2019-20,,,,,,_T: Total
UNICEF:GLOBAL_DATAFLOW(1.0): Cross-sector indicators,STP: Sao Tome and Principe,ED_CR_L1: Completion rate for children of primary school age,F: Female,2019,92.105583,,PCNT: %,,,,,,,,MICS 2019,,,,,,_T: Total
UNICEF:GLOBAL_DATAFLOW(1.0): Cross-sector indicators,STP: Sao Tome and Principe,ED_CR_L1: Completion rate for children of primary school age,M: Male,2019,82.172188,,PCNT: %,,,,,,,,MICS 2019,,,,,,_T: Total
UNICEF:GLOBAL_DATAFLOW(1.0): Cross-sector indicators,STP: Sao Tome and Principe,ED_CR_L1: Completion rate for children of primary school age,_T: Total,2019,87.149773,,PCNT: %,,,,,,,,MICS 2019,,,,,,_T: Total
UNICEF:GLOBAL_DATAFLOW(1.0): Cross-sector indicators,SEN: Senegal,ED_CR_L1: Completion rate for children of primary school age,F: Female,2019,50.44405,,PCNT: %,,,,,,,,DHS 2019,,,,,,_T: Total
UNICEF:GLOBAL_DATAFLOW(1.0): Cross-sector indicators,SEN: Senegal,ED_CR_L1: Completion rate for children of primary school age,M: Male,2019,43.69796,,PCNT: %,,,,,,,,DHS 2019,,,,,,_T: Total
UNICEF:GLOBAL_DATAFLOW(1.0): Cross-sector indicators,SEN: Senegal,ED_CR_L1: Completion rate for children of primary school age,_T: Total,2019,47.144711,,PCNT: %,,,,,,,,DHS 2019,,,,,,_T: Total
UNICEF:GLOBAL_DATAFLOW(1.0): Cross-sector indicators,SRB: Serbia,ED_CR_L1: Completion rate for children of primary school age,F: Female,2019,99.70034,,PCNT: %,,,,,,,,MICS 2019,,,,,,_T: Total
UNICEF:GLOBAL_DATAFLOW(1.0): Cross-sector indicators,SRB: Serbia,ED_CR_L1: Completion rate for children of primary school age,M: Male,2019,100,,PCNT: %,,,,,,,,MICS 2019,,,,,,_T: Total
UNICEF:GLOBAL_DATAFLOW(1.0): Cross-sector indicators,SRB: Serbia,ED_CR_L1: Completion rate for children of primary school age,_T: Total,2019,99.861427,,PCNT: %,,,,,,,,MICS 2019,,,,,,_T: Total
UNICEF:GLOBAL_DATAFLOW(1.0): Cross-sector indicators,SLE: Sierra Leone,ED_CR_L1: Completion rate for children of primary school age,F: Female,2017,65.099998,,PCNT: %,,,,,,,,MICS 2017,,,,,,_T: Total
UNICEF:GLOBAL_DATAFLOW(1.0): Cross-sector indicators,SLE: Sierra Leone,ED_CR_L1: Completion rate for children of primary school age,M: Male,2017,63.299999,,PCNT: %,,,,,,,,MICS 2017,,,,,,_T: Total
UNICEF:GLOBAL_DATAFLOW(1.0): Cross-sector indicators,SLE: Sierra Leone,ED_CR_L1: Completion rate for children of primary school age,_T: Total,2017,64.199997,,PCNT: %,,,,,,,,MICS 2017,,,,,,_T: Total
UNICEF:GLOBAL_DATAFLOW(1.0): Cross-sector indicators,ZAF: South Africa,ED_CR_L1: Completion rate for children of primary school age,F: Female,2016,97.922318,,PCNT: %,,,,,,,,DHS 2016,,,,,,_T: Total
UNICEF:GLOBAL_DATAFLOW(1.0): Cross-sector indicators,ZAF: South Africa,ED_CR_L1: Completion rate for children of primary school age,M: Male,2016,94.72361,,PCNT: %,,,,,,,,DHS 2016,,,,,,_T: Total
UNICEF:GLOBAL_DATAFLOW(1.0): Cross-sector indicators,ZAF: South Africa,ED_CR_L1: Completion rate for children of primary school age,_T: Total,2016,96.309448,,PCNT: %,,,,,,,,DHS 2016,,,,,,_T: Total
UNICEF:GLOBAL_DATAFLOW(1.0): Cross-sector indicators,UNICEF_SA: South Asia,ED_CR_L1: Completion rate for children of primary school age,F: Female,2022,83.700179,,PCNT: %,,,,,,,,UNICEF Global Database,,,,,,_T: Total
UNICEF:GLOBAL_DATAFLOW(1.0): Cross-sector indicators,UNICEF_SA: South Asia,ED_CR_L1: Completion rate for children of primary school age,M: Male,2022,85.167566,,PCNT: %,,,,,,,,UNICEF Global Database,,,,,,_T: Total
UNICEF:GLOBAL_DATAFLOW(1.0): Cross-sector indicators,UNICEF_SA: South Asia,ED_CR_L1: Completion rate for children of primary school age,_T: Total,2022,84.449403,,PCNT: %,,,,,,,,UNICEF Global Database,,,,,,_T: Total
UNICEF:GLOBAL_DATAFLOW(1.0): Cross-sector indicators,SSD: South Sudan,ED_CR_L1: Completion rate for children of primary school age,F: Female,2010,18.26395,,PCNT: %,,,,,,,,MICS 2010,,,,,,_T: Total
UNICEF:GLOBAL_DATAFLOW(1.0): Cross-sector indicators,SSD: South Sudan,ED_CR_L1: Completion rate for children of primary school age,M: Male,2010,31.39286,,PCNT: %,,,,,,,,MICS 2010,,,,,,_T: Total
UNICEF:GLOBAL_DATAFLOW(1.0): Cross-sector indicators,SSD: South Sudan,ED_CR_L1: Completion rate for children of primary school age,_T: Total,2010,24.529499,,PCNT: %,,,,,,,,MICS 2010,,,,,,_T: Total
UNICEF:GLOBAL_DATAFLOW(1.0): Cross-sector indicators,LKA: Sri Lanka,ED_CR_L1: Completion rate for children of primary school age,F: Female,2016,99.392143,,PCNT: %,,,,,,,,DHS 2016,,,,,,_T: Total
UNICEF:GLOBAL_DATAFLOW(1.0): Cross-sector indicators,LKA: Sri Lanka,ED_CR_L1: Completion rate for children of primary school age,M: Male,2016,98.521729,,PCNT: %,,,,,,,,DHS 2016,,,,,,_T: Total
UNICEF:GLOBAL_DATAFLOW(1.0): Cross-sector indicators,LKA: Sri Lanka,ED_CR_L1: Completion rate for children of primary school age,_T: Total,2016,98.957878,,PCNT: %,,,,,,,,DHS 2016,,,,,,_T: Total
UNICEF:GLOBAL_DATAFLOW(1.0): Cross-sector indicators,PSE: State of Palestine,ED_CR_L1: Completion rate for children of primary school age,F: Female,2020,99.576134,,PCNT: %,,,,,,,,MICS 2019-20,,,,,,_T: Total
UNICEF:GLOBAL_DATAFLOW(1.0): Cross-sector indicators,PSE: State of Palestine,ED_CR_L1: Completion rate for children of primary school age,M: Male,2020,99.437401,,PCNT: %,,,,,,,,MICS 2019-20,,,,,,_T: Total
UNICEF:GLOBAL_DATAFLOW(1.0): Cross-sector indicators,PSE: State of Palestine,ED_CR_L1: Completion rate for children of primary school age,_T: Total,2020,99.505386,,PCNT: %,,,,,,,,MICS 2019-20,,,,,,_T: Total
UNICEF:GLOBAL_DATAFLOW(1.0): Cross-sector indicators,UNICEF_SSA: Sub-Saharan Africa,ED_CR_L1: Completion rate for children of primary school age,F: Female,2022,61.754064,,PCNT: %,,,,,,,,UNICEF Global Database,,,,,,_T: Total
UNICEF:GLOBAL_DATAFLOW(1.0): Cross-sector indicators,UNICEF_SSA: Sub-Saharan Africa,ED_CR_L1: Completion rate for children of primary school age,M: Male,2022,61.334899,,PCNT: %,,,,,,,,UNICEF Global Database,,,,,,_T: Total
UNICEF:GLOBAL_DATAFLOW(1.0): Cross-sector indicators,UNICEF_SSA: Sub-Saharan Africa,ED_CR_L1: Completion rate for children of primary school age,_T: Total,2022,61.520157,,PCNT: %,,,,,,,,UNICEF Global Database,,,,,,_T: Total
UNICEF:GLOBAL_DATAFLOW(1.0): Cross-sector indicators,SDN: Sudan,ED_CR_L1: Completion rate for children of primary school age,F: Female,2014,63.834949,,PCNT: %,,,,,,,,MICS 2014,,,,,,_T: Total
UNICEF:GLOBAL_DATAFLOW(1.0): Cross-sector indicators,SDN: Sudan,ED_CR_L1: Completion rate for children of primary school age,M: Male,2014,65.752007,,PCNT: %,,,,,,,,MICS 2014,,,,,,_T: Total
UNICEF:GLOBAL_DATAFLOW(1.0): Cross-sector indicators,SDN: Sudan,ED_CR_L1: Completion rate for children of primary school age,_T: Total,2014,64.774208,,PCNT: %,,,,,,,,MICS 2014,,,,,,_T: Total
UNICEF:GLOBAL_DATAFLOW(1.0): Cross-sector indicators,SUR: Suriname,ED_CR_L1: Completion rate for children of primary school age,F: Female,2018,89.929176,,PCNT: %,,,,,,,,MICS 2018,,,,,,_T: Total
UNICEF:GLOBAL_DATAFLOW(1.0): Cross-sector indicators,SUR: Suriname,ED_CR_L1: Completion rate for children of primary school age,M: Male,2018,80.010406,,PCNT: %,,,,,,,,MICS 2018,,,,,,_T: Total
UNICEF:GLOBAL_DATAFLOW(1.0): Cross-sector indicators,SUR: Suriname,ED_CR_L1: Completion rate for children of primary school age,_T: Total,2018,85.052254,,PCNT: %,,,,,,,,MICS 2018,,,,,,_T: Total
UNICEF:GLOBAL_DATAFLOW(1.0): Cross-sector indicators,TJK: Tajikistan,ED_CR_L1: Completion rate for children of primary school age,F: Female,2017,97.845848,,PCNT: %,,,,,,,,DHS 2017,,,,,,_T: Total
UNICEF:GLOBAL_DATAFLOW(1.0): Cross-sector indicators,TJK: Tajikistan,ED_CR_L1: Completion rate for children of primary school age,M: Male,2017,99.029587,,PCNT: %,,,,,,,,DHS 2017,,,,,,_T: Total
UNICEF:GLOBAL_DATAFLOW(1.0): Cross-sector indicators,TJK: Tajikistan,ED_CR_L1: Completion rate for children of primary school age,_T: Total,2017,98.471497,,PCNT: %,,,,,,,,DHS 2017,,,,,,_T: Total
UNICEF:GLOBAL_DATAFLOW(1.0): Cross-sector indicators,THA: Thailand,ED_CR_L1: Completion rate for children of primary school age,F: Female,2019,98.797523,,PCNT: %,,,,,,,,MICS 2019,,,,,,_T: Total
UNICEF:GLOBAL_DATAFLOW(1.0): Cross-sector indicators,THA: Thailand,ED_CR_L1: Completion rate for children of primary school age,M: Male,2019,98.487228,,PCNT: %,,,,,,,,MICS 2019,,,,,,_T: Total
UNICEF:GLOBAL_DATAFLOW(1.0): Cross-sector indicators,THA: Thailand,ED_CR_L1: Completion rate for children of primary school age,_T: Total,2019,98.642647,,PCNT: %,,,,,,,,MICS 2019,,,,,,_T: Total
UNICEF:GLOBAL_DATAFLOW(1.0): Cross-sector indicators,TLS: Timor-Leste,ED_CR_L1: Completion rate for children of primary school age,F: Female,2016,84.822144,,PCNT: %,,,,,,,,DHS 2016,,,,,,_T: Total
UNICEF:GLOBAL_DATAFLOW(1.0): Cross-sector indicators,TLS: Timor-Leste,ED_CR_L1: Completion rate for children of primary school age,M: Male,2016,76.861488,,PCNT: %,,,,,,,,DHS 2016,,,,,,_T: Total
UNICEF:GLOBAL_DATAFLOW(1.0): Cross-sector indicators,TLS: Timor-Leste,ED_CR_L1: Completion rate for children of primary school age,_T: Total,2016,80.68618,,PCNT: %,,,,,,,,DHS 2016,,,,,,_T: Total
UNICEF:GLOBAL_DATAFLOW(1.0): Cross-sector indicators,TGO: Togo,ED_CR_L1: Completion rate for children of primary school age,F: Female,2017,76.371941,,PCNT: %,,,,,,,,MICS 2017,,,,,,_T: Total
UNICEF:GLOBAL_DATAFLOW(1.0): Cross-sector indicators,TGO: Togo,ED_CR_L1: Completion rate for children of primary school age,M: Male,2017,83.03212,,PCNT: %,,,,,,,,MICS 2017,,,,,,_T: Total
UNICEF:GLOBAL_DATAFLOW(1.0): Cross-sector indicators,TGO: Togo,ED_CR_L1: Completion rate for children of primary school age,_T: Total,2017,79.827332,,PCNT: %,,,,,,,,MICS 2017,,,,,,_T: Total
UNICEF:GLOBAL_DATAFLOW(1.0): Cross-sector indicators,TON: Tonga,ED_CR_L1: Completion rate for children of primary school age,F: Female,2019,98.64032,,PCNT: %,,,,,,,,MICS 2019,,,,,,_T: Total
UNICEF:GLOBAL_DATAFLOW(1.0): Cross-sector indicators,TON: Tonga,ED_CR_L1: Completion rate for children of primary school age,M: Male,2019,97.791397,,PCNT: %,,,,,,,,MICS 2019,,,,,,_T: Total
UNICEF:GLOBAL_DATAFLOW(1.0): Cross-sector indicators,TON: Tonga,ED_CR_L1: Completion rate for children of primary school age,_T: Total,2019,98.213547,,PCNT: %,,,,,,,,MICS 2019,,,,,,_T: Total
UNICEF:GLOBAL_DATAFLOW(1.0): Cross-sector indicators,TUN: Tunisia,ED_CR_L1: Completion rate for children of primary school age,F: Female,2018,96.5,,PCNT: %,,,,,,,,MICS 2018,,,,,,_T: Total
UNICEF:GLOBAL_DATAFLOW(1.0): Cross-sector indicators,TUN: Tunisia,ED_CR_L1: Completion rate for children of primary school age,M: Male,2018,93.599998,,PCNT: %,,,,,,,,MICS 2018,,,,,,_T: Total
UNICEF:GLOBAL_DATAFLOW(1.0): Cross-sector indicators,TUN: Tunisia,ED_CR_L1: Completion rate for children of primary school age,_T: Total,2018,95,,PCNT: %,,,,,,,,MICS 2018,,,,,,_T: Total
UNICEF:GLOBAL_DATAFLOW(1.0): Cross-sector indicators,TKM: Turkmenistan,ED_CR_L1: Completion rate for children of primary school age,F: Female,2019,100,,PCNT: %,,,,,,,,MICS 2019,,,,,,_T: Total
UNICEF:GLOBAL_DATAFLOW(1.0): Cross-sector indicators,TKM: Turkmenistan,ED_CR_L1: Completion rate for children of primary school age,M: Male,2019,100,,PCNT: %,,,,,,,,MICS 2019,,,,,,_T: Total
UNICEF:GLOBAL_DATAFLOW(1.0): Cross-sector indicators,TKM: Turkmenistan,ED_CR_L1: Completion rate for children of primary school age,_T: Total,2019,100,,PCNT: %,,,,,,,,MICS 2019,,,,,,_T: Total
UNICEF:GLOBAL_DATAFLOW(1.0): Cross-sector indicators,TCA: Turks and Caicos Islands,ED_CR_L1: Completion rate for children of primary school age,F: Female,2020,100,,PCNT: %,,,,,,,,MICS 2019-20,,,,,,_T: Total
UNICEF:GLOBAL_DATAFLOW(1.0): Cross-sector indicators,TCA: Turks and Caicos Islands,ED_CR_L1: Completion rate for children of primary school age,M: Male,2020,97.928627,,PCNT: %,,,,,,,,MICS 2019-20,,,,,,_T: Total
UNICEF:GLOBAL_DATAFLOW(1.0): Cross-sector indicators,TCA: Turks and Caicos Islands,ED_CR_L1: Completion rate for children of primary school age,_T: Total,2020,98.711311,,PCNT: %,,,,,,,,MICS 2019-20,,,,,,_T: Total
UNICEF:GLOBAL_DATAFLOW(1.0): Cross-sector indicators,TUV: Tuvalu,ED_CR_L1: Completion rate for children of primary school age,F: Female,2020,100,,PCNT: %,,,,,,,,MICS 2019-20,,,,,,_T: Total
UNICEF:GLOBAL_DATAFLOW(1.0): Cross-sector indicators,TUV: Tuvalu,ED_CR_L1: Completion rate for children of primary school age,M: Male,2020,98.494034,,PCNT: %,,,,,,,,MICS 2019-20,,,,,,_T: Total
UNICEF:GLOBAL_DATAFLOW(1.0): Cross-sector indicators,TUV: Tuvalu,ED_CR_L1: Completion rate for children of primary school age,_T: Total,2020,99.146782,,PCNT: %,,,,,,,,MICS 2019-20,,,,,,_T: Total
UNICEF:GLOBAL_DATAFLOW(1.0): Cross-sector indicators,TUR: Türkiye,ED_CR_L1: Completion rate for children of primary school age,F: Female,2013,97.853722,,PCNT: %,,,,,,,,DHS style 2013,,,,,,_T: Total
UNICEF:GLOBAL_DATAFLOW(1.0): Cross-sector indicators,TUR: Türkiye,ED_CR_L1: Completion rate for children of primary school age,M: Male,2013,99.025284,,PCNT: %,,,,,,,,DHS style 2013,,,,,,_T: Total
UNICEF:GLOBAL_DATAFLOW(1.0): Cross-sector indicators,TUR: Türkiye,ED_CR_L1: Completion rate for children of primary school age,_T: Total,2013,98.4263,,PCNT: %,,,,,,,,DHS style 2013,,,,,,_T: Total
UNICEF:GLOBAL_DATAFLOW(1.0): Cross-sector indicators,UGA: Uganda,ED_CR_L1: Completion rate for children of primary school age,F: Female,2016,43.37463,,PCNT: %,,,,,,,,DHS 2016,,,,,,_T: Total
UNICEF:GLOBAL_DATAFLOW(1.0): Cross-sector indicators,UGA: Uganda,ED_CR_L1: Completion rate for children of primary school age,M: Male,2016,39.017052,,PCNT: %,,,,,,,,DHS 2016,,,,,,_T: Total
UNICEF:GLOBAL_DATAFLOW(1.0): Cross-sector indicators,UGA: Uganda,ED_CR_L1: Completion rate for children of primary school age,_T: Total,2016,41.188141,,PCNT: %,,,,,,,,DHS 2016,,,,,,_T: Total
UNICEF:GLOBAL_DATAFLOW(1.0): Cross-sector indicators,UKR: Ukraine,ED_CR_L1: Completion rate for children of primary school age,F: Female,2012,99.300003,,PCNT: %,,,,,,,,MICS 2012,,,,,,_T: Total
UNICEF:GLOBAL_DATAFLOW(1.0): Cross-sector indicators,UKR: Ukraine,ED_CR_L1: Completion rate for children of primary school age,M: Male,2012,100,,PCNT: %,,,,,,,,MICS 2012,,,,,,_T: Total
UNICEF:GLOBAL_DATAFLOW(1.0): Cross-sector indicators,UKR: Ukraine,ED_CR_L1: Completion rate for children of primary school age,_T: Total,2012,99.599998,,PCNT: %,,,,,,,,MICS 2012,,,,,,_T: Total
UNICEF:GLOBAL_DATAFLOW(1.0): Cross-sector indicators,TZA: United Republic of Tanzania,ED_CR_L1: Completion rate for children of primary school age,F: Female,2016,83.5,,PCNT: %,,,,,,,,DHS 2015-16,,,,,,_T: Total
UNICEF:GLOBAL_DATAFLOW(1.0): Cross-sector indicators,TZA: United Republic of Tanzania,ED_CR_L1: Completion rate for children of primary school age,M: Male,2016,75.199997,,PCNT: %,,,,,,,,DHS 2015-16,,,,,,_T: Total
UNICEF:GLOBAL_DATAFLOW(1.0): Cross-sector indicators,TZA: United Republic of Tanzania,ED_CR_L1: Completion rate for children of primary school age,_T: Total,2016,79.5,,PCNT: %,,,,,,,,DHS 2015-16,,,,,,_T: Total
UNICEF:GLOBAL_DATAFLOW(1.0): Cross-sector indicators,URY: Uruguay,ED_CR_L1: Completion rate for children of primary school age,F: Female,2013,98.323517,,PCNT: %,,,,,,,,MICS 2012-13,,,,,,_T: Total
UNICEF:GLOBAL_DATAFLOW(1.0): Cross-sector indicators,URY: Uruguay,ED_CR_L1: Completion rate for children of primary school age,M: Male,2013,96.375938,,PCNT: %,,,,,,,,MICS 2012-13,,,,,,_T: Total
UNICEF:GLOBAL_DATAFLOW(1.0): Cross-sector indicators,URY: Uruguay,ED_CR_L1: Completion rate for children of primary school age,_T: Total,2013,97.390633,,PCNT: %,,,,,,,,MICS 2012-13,,,,,,_T: Total
UNICEF:GLOBAL_DATAFLOW(1.0): Cross-sector indicators,VNM: Viet Nam,ED_CR_L1: Completion rate for children of primary school age,F: Female,2014,97,,PCNT: %,,,,,,,,MICS 2014,,,,,,_T: Total
UNICEF:GLOBAL_DATAFLOW(1.0): Cross-sector indicators,VNM: Viet Nam,ED_CR_L1: Completion rate for children of primary school age,M: Male,2014,96.300003,,PCNT: %,,,,,,,,MICS 2014,,,,,,_T: Total
UNICEF:GLOBAL_DATAFLOW(1.0): Cross-sector indicators,VNM: Viet Nam,ED_CR_L1: Completion rate for children of primary school age,_T: Total,2014,96.599998,,PCNT: %,,,,,,,,MICS 2014,,,,,,_T: Total
UNICEF:GLOBAL_DATAFLOW(1.0): Cross-sector indicators,UNICEF_WCA: West and Central Africa,ED_CR_L1: Completion rate for children of primary school age,F: Female,2022,59.936121,,PCNT: %,,,,,,,,UNICEF Global Database,,,,,,_T: Total
UNICEF:GLOBAL_DATAFLOW(1.0): Cross-sector indicators,UNICEF_WCA: West and Central Africa,ED_CR_L1: Completion rate for children of primary school age,M: Male,2022,61.881917,,PCNT: %,,,,,,,,UNICEF Global Database,,,,,,_T: Total
UNICEF:GLOBAL_DATAFLOW(1.0): Cross-sector indicators,UNICEF_WCA: West and Central Africa,ED_CR_L1: Completion rate for children of primary school age,_T: Total,2022,60.901471,,PCNT: %,,,,,,,,UNICEF Global Database,,,,,,_T: Total
UNICEF:GLOBAL_DATAFLOW(1.0): Cross-sector indicators,WORLD: World,ED_CR_L1: Completion rate for children of primary school age,F: Female,2022,81.622461,,PCNT: %,,,,,,,,UNICEF Global Database,,,,,,_T: Total
UNICEF:GLOBAL_DATAFLOW(1.0): Cross-sector indicators,WORLD: World,ED_CR_L1: Completion rate for children of primary school age,M: Male,2022,82.005065,,PCNT: %,,,,,,,,UNICEF Global Database,,,,,,_T: Total
UNICEF:GLOBAL_DATAFLOW(1.0): Cross-sector indicators,WORLD: World,ED_CR_L1: Completion rate for children of primary school age,_T: Total,2022,81.803677,,PCNT: %,,,,,,,,UNICEF Global Database,,,,,,_T: Total
UNICEF:GLOBAL_DATAFLOW(1.0): Cross-sector indicators,YEM: Yemen,ED_CR_L1: Completion rate for children of primary school age,F: Female,2013,54.799999,,PCNT: %,,,,,,,,DHS 2013,,,,,,_T: Total
UNICEF:GLOBAL_DATAFLOW(1.0): Cross-sector indicators,YEM: Yemen,ED_CR_L1: Completion rate for children of primary school age,M: Male,2013,70.300003,,PCNT: %,,,,,,,,DHS 2013,,,,,,_T: Total
UNICEF:GLOBAL_DATAFLOW(1.0): Cross-sector indicators,YEM: Yemen,ED_CR_L1: Completion rate for children of primary school age,_T: Total,2013,62.599998,,PCNT: %,,,,,,,,DHS 2013,,,,,,_T: Total
UNICEF:GLOBAL_DATAFLOW(1.0): Cross-sector indicators,ZMB: Zambia,ED_CR_L1: Completion rate for children of primary school age,F: Female,2018,73.33532,,PCNT: %,,,,,,,,DHS 2018,,,,,,_T: Total
UNICEF:GLOBAL_DATAFLOW(1.0): Cross-sector indicators,ZMB: Zambia,ED_CR_L1: Completion rate for children of primary school age,M: Male,2018,70.944771,,PCNT: %,,,,,,,,DHS 2018,,,,,,_T: Total
UNICEF:GLOBAL_DATAFLOW(1.0): Cross-sector indicators,ZMB: Zambia,ED_CR_L1: Completion rate for children of primary school age,_T: Total,2018,72.170639,,PCNT: %,,,,,,,,DHS 2018,,,,,,_T: Total
UNICEF:GLOBAL_DATAFLOW(1.0): Cross-sector indicators,ZWE: Zimbabwe,ED_CR_L1: Completion rate for children of primary school age,F: Female,2019,91.599998,,PCNT: %,,,,,,,,MICS 2019,,,,,,_T: Total
UNICEF:GLOBAL_DATAFLOW(1.0): Cross-sector indicators,ZWE: Zimbabwe,ED_CR_L1: Completion rate for children of primary school age,M: Male,2019,86.400002,,PCNT: %,,,,,,,,MICS 2019,,,,,,_T: Total
UNICEF:GLOBAL_DATAFLOW(1.0): Cross-sector indicators,ZWE: Zimbabwe,ED_CR_L1: Completion rate for children of primary school age,_T: Total,2019,88.800003,,PCNT: %,,,,,,,,MICS 2019,,,,,,_T: Total
